the_geom,Carshare_C,Site_Reque,On_Street,From_,To,Address,Site_ID,Community,Side,borough,Lat,Long,F13,F14,F15,F16,F17,F18,F19,F20,F21,F22,F23,F24,F25,F26,F27,F28,F29
POINT (-74.0176 40.7084),Getaround,New Site,South End Ave,W Thames St,3rd Pl,"South End Ave, New York, NY 10280",M-G 9,101,W,"Manhattan, NY",40.7084,-74.0176,,,,,,,,,,,,,,,,,
POINT (-74.0163 40.71609),Zipcar,New Site,Murray St,River Ter,North End Ave,"10 River Ter, New York, NY 10282",M-Z 289,101,W,"Manhattan, NY",40.71609,-74.0163,,,,,,,,,,,,,,,,,
POINT (-74.0156 40.71776),Zipcar,New Site,River Ter,Warren St,Chambers St,"34 River Ter, New York, NY 10282",M-Z 288,101,E,"Manhattan, NY",40.71776,-74.0156,,,,,,,,,,,,,,,,,
POINT (-74.0102 40.71818),Zipcar,New Site,Jay St,Staple St,Greenwich St,"21 Jay St, New York, NY 10013",M-Z 291,101,W,"Manhattan, NY",40.71818,-74.0102,,,,,,,,,,,,,,,,,
POINT (-74.0104 40.72274),Getaround,New Site,Washington St,Laight St,Vestry St,"51 Vestry St, New York, NY 10013",M-G 2,101,E,"Manhattan, NY",40.72274,-74.0104,,,,,,,,,,,,,,,,,
POINT (-74.0016 40.72622),Getaround,New Site,Thompson St,W Houston,Prince St,"125 Thompson St, New York, NY 10012",M-G 17,102,W,"Manhattan, NY",40.72622,-74.0016,,,,,,,,,,,,,,,,,
POINT (-74.0036513600964 40.7292817299531),Getaround,New Site,Bedford St,Avenue of the Americas,Downing St,"29 Bedford St, New York, NY 10014",M-G 20,102,W,"Manhattan, NY",40.729282,-74.003651,,,,,,,,,,,,,,,,,
POINT (-73.9993 40.73182),Zipcar,New Site,Washington Pl,Washington Sq W,6th Ave,"32 Washington Sq W, New York, NY 10011",M-Z 282,102,S,"Manhattan, NY",40.73182,-73.9993,,,,,,,,,,,,,,,,,
POINT (-74.0057 40.73585),Getaround,New Site,W 11th St,Bleeker St,Hudson St,"298 West 11th St, New York, NY 10014",M-G 22,102,S,"Manhattan, NY",40.73585,-74.0057,,,,,,,,,,,,,,,,,
POINT (-73.9935 40.73333),Zipcar,New Site,E. 11th St.,5th Ave,University Pl,"32 East 11th St, New York, NY 10003",M-Z 582,102,S,"Manhattan, NY",40.73333,-73.9935,,,,,,,,,,,,,,,,,
POINT (-73.9808 40.71151),Getaround,New Site,Water St,Gouverneur Slip E,Jackson St,"683 Water St, New York, NY 10002",M-G 23,103,S,"Manhattan, NY",40.71151,-73.9808,,,,,,,,,,,,,,,,,
POINT (-73.9868 40.7158),Getaround,New Site,Clinton St,East Broadway,Grand St,"411 Grand Street, New York, NY 10002",M-G 26,103,E,"Manhattan, NY",40.7158,-73.9868,,,,,,,,,,,,,,,,,
POINT (-73.9907 40.72087),Zipcar,New Site,Eldridge St,Rivington St,Forsyth St,"52 Rivington St, New York, NY 10002",M-Z 284,103,E,"Manhattan, NY",40.72087,-73.9907,,,,,,,,,,,,,,,,,
POINT (-73.9929 40.72273),Getaround,New Site,Stanton St,Bowery,Chrystie St,"245 Bowery, New York, NY 10002",M-G 27,103,S,"Manhattan, NY",40.72273,-73.9929,,,,,,,,,,,,,,,,,
POINT (-73.980552 40.7122),Zipcar,New Site,Cherry,Jackson,FDR,"442 Cherry St, New York, NY 10002",M-Z 581,103,S,"Manhattan, NY",40.7122,-73.980552,,,,,,,,,,,,,,,,,
POINT (-73.9842685961408 40.72398356),Getaround,New Site,E 10th St,1st Ave,Ave A,"162 E 10th St, New York, NY 10009",M-G 595,103,S,"Manhattan, NY",40.723984,-73.984269,,,,,,,,,,,,,,,,,
POINT (-74.0019 40.74034),Getaround,New Site,W 15th St,7th Ave,8th Ave,"100 8th Ave, New York, NY 10011",M-G 51,104,S,"Manhattan, NY",40.74034,-74.0019,,,,,,,,,,,,,,,,,
POINT (-73.9993 40.74391),Getaround,New Site,W 21st St,7th Ave,8th Ave,"270 West 21st St, New York, NY 10011",M-G 52,104,S,"Manhattan, NY",40.74391,-73.9993,,,,,,,,,,,,,,,,,
POINT (-74.0029684448383 40.7489071871159),Getaround,New Site,W 25th St,10th Ave,11th av,"455 W 25th St, New York, NY 10011",M-G 59,104,N,"Manhattan, NY",40.748907,-74.002968,,,,,,,,,,,,,,,,,
POINT (-73.9929745116503 40.7636188334914),Getaround,New Site,W 48th St,10th Ave,11th av,"500 W 48th St, New York, NY 10001",M-G 617,104,S,"Manhattan, NY",40.763619,-73.992975,,,,,,,,,,,,,,,,,
POINT (-73.9712 40.74848),Getaround,New Site,E 41st St,2nd Ave,Tudor City Pl,"326 East 41st St, New York, NY 10017",M-G 63,106,S,"Manhattan, NY",40.74848,-73.9712,,,,,,,,,,,,,,,,,
POINT (-73.9604 40.75815),Getaround,New Site,E 58th St,1st Ave,Sutton Pl,"453 East 58 St, New York, NY 10022",M-G 64,106,N,"Manhattan, NY",40.75815,-73.9604,,,,,,,,,,,,,,,,,
POINT (-73.9808 40.78902),Zipcar,New Site,Riverside Dr,W 84th,W 85th,"126 Riverside Dr, New York, NY 10024",M-Z 42,107,E,"Manhattan, NY",40.78902,-73.9808,,,,,,,,,,,,,,,,,
POINT (-73.9656 40.79578),Zipcar,New Site,Columbus Ave,W 104th St,W 100th St,"826 Columbus Ave New York, NY 10025",M-Z 38,107,W,"Manhattan, NY",40.79578,-73.9656,,,,,,,,,,,,,,,,,
POINT (-73.9733 40.79782),Getaround,New Site,W 99th St,West End Ave,Riverside Dr,"388 West 99th St, New York, NY 10025",M-G 77,107,S,"Manhattan, NY",40.79782,-73.9733,,,,,,,,,,,,,,,,,
POINT (-73.9589 40.80005),Getaround,New Site,W109th St,Central Park W,New York Ave,"2 West 109 St, New York, NY 10025",M-G 83,107,S,"Manhattan, NY",40.80005,-73.9589,,,,,,,,,,,,,,,,,
POINT (-73.96938 40.80379),Zipcar,New Site,Riverside,W 108th,W 109th St,"360 Riverside Dr, New York, NY 10025",M-Z 579,107,E,"Manhattan, NY",40.80379,-73.96938,,,,,,,,,,,,,,,,,
POINT (-73.97248308 40.78576231),Getaround,New Site,W 85th St,Central Park W,Columbus Ave,"75c W 85th St, New York, NY 10024",M-G 596,107,N,"Manhattan, NY",40.785762,-73.972483,,,,,,,,,,,,,,,,,
POINT (-73.97719886 40.77927632),Getaround,New Site,W 75th St,Central Park W,Columbus Ave,"60 W 75th St, New York, NY 10023",M-G 597,107,S,"Manhattan, NY",40.779276,-73.977199,,,,,,,,,,,,,,,,,
POINT (-73.9566 40.77493),Getaround,New Site,E 80th St,2nd Ave,3rd Ave,"1411 3rd Ave, New York, NY 10028",M-G 91,108,N,"Manhattan, NY",40.77493,-73.9566,,,,,,,,,,,,,,,,,
POINT (-73.9539 40.77532),Truqit Inc,New Site,E 82nd St,2nd Ave,3rd Ave,"1579 2nd Ave New York, NY 10028",M-T 8,108,S,"Manhattan, NY",40.77532,-73.9539,,,,,,,,,,,,,,,,,
POINT (-73.9525 40.784),Getaround,New Site,E 93rd St,Lexington Ave,Park Ave,"134 East 93rd St, New York, NY 10128",M-G 98,108,S,"Manhattan, NY",40.784,-73.9525,,,,,,,,,,,,,,,,,
POINT (-73.956747 40.763098),Zipcar,New Site,E 66th,York,1st,"446 E 66th St, New York, NY 10065",M-Z 616,108,S,"Manhattan, NY",40.763098,-73.956747,,,,,,,,,,,,,,,,,
POINT (-73.96318334 40.77252978),Getaround,New Site,E 74th St,Madison Ave,Park Ave,"78 E 74th St, New York, NY 10021",M-G 598,108,S,"Manhattan, NY",40.77253,-73.963183,,,,,,,,,,,,,,,,,
POINT (-73.94960899 40.78040992),Truqit Inc,New Site,E 90th St,2nd Ave,1st Ave,"1732 2nd Ave, New York, NY 10128",M-T 613,108,N,"Manhattan, NY",40.78041,-73.949609,,,,,,,,,,,,,,,,,
POINT (-73.9629 40.80411),Zipcar,Renewal,W 112th St,Broadway,Amsterdam Ave,"501 W 112th St, New York, NY 10025",M-Z 273,109,E,"Manhattan, NY",40.80411,-73.9629,,,,,,,,,,,,,,,,,
POINT (-73.9654 40.80519),Zipcar,Renewal,W 112th St,Broadway,Amsterdam Ave,"542 West 112th St, New York, NY 10025",M-Z 263,109,W,"Manhattan, NY",40.80519,-73.9654,,,,,,,,,,,,,,,,,
POINT (-73.9601 40.80562),Zipcar,Renewal,W 115th St,Amsterdam Ave,Morningside Dr,"401 W 115th St, New York, NY 10025",M-Z 274,109,E,"Manhattan, NY",40.80562,-73.9601,,,,,,,,,,,,,,,,,
POINT (-73.96 40.80626),Zipcar,Renewal,W 116th St,Amsterdam Ave,Morningside Dr,"438 West 116th St, New York, NY 10027",M-Z 259,109,W,"Manhattan, NY",40.80626,-73.96,,,,,,,,,,,,,,,,,
POINT (-73.9647 40.80742),Getaround,New Site,W 115th St,Broadway,Riverside Dr,"2937 Broadway, New York, NY 10025",M-G 102,109,S,"Manhattan, NY",40.80742,-73.9647,,,,,,,,,,,,,,,,,
POINT (-73.9665 40.80797),Zipcar,Renewal,Riverside Dr,W 115 St,W 114 St,"425 Riverside Dr, New York, NY 10025",M-Z 278,109,N,"Manhattan, NY",40.80797,-73.9665,,,,,,,,,,,,,,,,,
POINT (-73.9583 40.80807),Zipcar,Renewal,W 119th St,Amsterdam Ave,Morningside Dr,"400 West 119th St, New York, NY 10027",M-Z 260,109,E,"Manhattan, NY",40.80807,-73.9583,,,,,,,,,,,,,,,,,
POINT (-73.9589 40.80921),Zipcar,Renewal,W 120th St,Amsterdam Ave,Morningside Dr,"498 West 120th St, New York, NY 10027",M-Z 261,109,W,"Manhattan, NY",40.80921,-73.9589,,,,,,,,,,,,,,,,,
POINT (-73.9574 40.80944),Getaround,New Site,W 121st St,Morningside Dr,Amsterdam Ave,"400 West 121 St, New York, NY 10027",M-G 103,109,S,"Manhattan, NY",40.80944,-73.9574,,,,,,,,,,,,,,,,,
POINT (-73.961 40.81107),Zipcar,Renewal,W 121st St,Broadway,Amsterdam Ave,"598 West 121st St, New York, NY 10027",M-Z 262,109,W,"Manhattan, NY",40.81107,-73.961,,,,,,,,,,,,,,,,,
POINT (-73.9569 40.81282),Zipcar,Renewal,LA Salle St,Broadway,Amsterdam Ave,"27 La Salle St, New York, NY 10027",M-Z 275,109,E,"Manhattan, NY",40.81282,-73.9569,,,,,,,,,,,,,,,,,
POINT (-73.9604 40.81392),Zipcar,Renewal,LA Salle St,Claremont Ave,Broadway,"126 La Salle St, New York, NY 10027",M-Z 276,109,W,"Manhattan, NY",40.81392,-73.9604,,,,,,,,,,,,,,,,,
POINT (-73.9590664694238 40.8151910397924),Getaround,New Site,Tiemann Pl,Broadway,Convent Ave,"19 Tiemann Pl, New York, NY 10027",M-G 104,109,S,"Manhattan, NY",40.815191,-73.959066,,,,,,,,,,,,,,,,,
POINT (-73.9601 40.81551),Zipcar,Renewal,Tiemann Pl,Riverside Dr,Claremont Ave,"64 Tiemann Pl, New York, NY 10027",M-Z 277,109,E,"Manhattan, NY",40.81551,-73.9601,,,,,,,,,,,,,,,,,
POINT (-73.9517 40.82212),Zipcar,Renewal,W 139th St,Hamilton Pl,Amsterdam Ave,"523 West 139th St, New York, NY 10031",M-Z 265,109,W,"Manhattan, NY",40.82212,-73.9517,,,,,,,,,,,,,,,,,
POINT (-73.9532 40.82333),Zipcar,Renewal,W 140th St,Riverside Dr,Broadway,"600 W 140th St, New York, NY 10031",M-Z 272,109,E,"Manhattan, NY",40.82333,-73.9532,,,,,,,,,,,,,,,,,
POINT (-73.9479 40.82456),Zipcar,Renewal,W 144th St,Amsterdam Ave,Convent Ave,"477 W 144th St, New York, NY 10031",M-Z 271,109,W,"Manhattan, NY",40.82456,-73.9479,,,,,,,,,,,,,,,,,
POINT (-73.9515 40.82503),Zipcar,Renewal,W 143rd St,Riverside Dr,Broadway,"604 West 143rd St, New York, NY 10031",M-Z 266,109,E,"Manhattan, NY",40.82503,-73.9515,,,,,,,,,,,,,,,,,
POINT (-73.9436 40.82597),Getaround,New Site,W 148th St,St Nicholas Ave,Convent Ave,"755 St Nicholas Ave, New York, NY 10031",M-G 107,109,S,"Manhattan, NY",40.82597,-73.9436,,,,,,,,,,,,,,,,,
POINT (-73.9487 40.82748),Zipcar,Renewal,W 147th St,Broadway,Amsterdam Ave,"588 West 147th St, New York, NY 10031",M-Z 268,109,W,"Manhattan, NY",40.82748,-73.9487,,,,,,,,,,,,,,,,,
POINT (-73.9511 40.82749),Zipcar,Renewal,W 146th St,Riverside Dr,Broadway,"616 West 146th St, New York, NY 10031",M-Z 267,109,W,"Manhattan, NY",40.82749,-73.9511,,,,,,,,,,,,,,,,,
POINT (-73.946 40.82799),Zipcar,Renewal,W 149th St,Broadway,Amsterdam Ave,"501 W 149th St, New York, NY 10031",M-Z 270,109,E,"Manhattan, NY",40.82799,-73.946,,,,,,,,,,,,,,,,,
POINT (-73.9468 40.83079),Zipcar,Renewal,W 152nd St,Broadway,Amsterdam Ave,"561 West 152nd St, New York, NY 10031",M-Z 269,109,W,"Manhattan, NY",40.83079,-73.9468,,,,,,,,,,,,,,,,,
POINT (-73.9653 40.80679),Zipcar,Renewal,W 114th St,Riverside Dr,Broadway,"624 West 114th St, New York, NY 10025",M-Z 264,109,E,"Manhattan, NY",40.80679,-73.9653,,,,,,,,,,,,,,,,,
POINT (-73.9523 40.79982),Getaround,New Site,W 112th St,St Nicholas Ave,Lenox Ave,"40 St Nicholas Ave, New York, NY 10026",M-G 119,110,N,"Manhattan, NY",40.79982,-73.9523,,,,,,,,,,,,,,,,,
POINT (-73.9421 40.81794),Getaround,New Site,W 139th St,Fredrick Douglass Blvd,Adam Clayton Powell Jr Blvd,"2378 Adam Clayton Powell Jr. Blvd, New York, NY 10030",M-G 118,110,S,"Manhattan, NY",40.81794,-73.9421,,,,,,,,,,,,,,,,,
POINT (-73.9467 40.81979),Zipcar,New Site,St Nicholas Ave,W 138th,W 139th,"574 St Nicholas Ave, New York, NY 10030",M-Z 539,110,E,"Manhattan, NY",40.81979,-73.9467,,,,,,,,,,,,,,,,,
POINT (-73.9451 40.78672),Truqit Inc,New Site,100th St,2nd Ave,1st Ave,"30 East 100th St,New York, NY 10029",M-T 6,111,S,"Manhattan, NY",40.78672,-73.9451,,,,,,,,,,,,,,,,,
POINT (-73.9459 40.79033),Getaround,New Site,E 104th St,Lexington Ave,3rd Ave,"190 East 104th St, New York, NY 10029",M-G 136,111,S,"Manhattan, NY",40.79033,-73.9459,,,,,,,,,,,,,,,,,
POINT (-73.9427 40.79401),Truqit Inc,New Site,110th St,3rd Ave,2nd Ave,"2001 3rd Ave, New York, NY 10029",M-T 5,111,S,"Manhattan, NY",40.79401,-73.9427,,,,,,,,,,,,,,,,,
POINT (-73.9364 40.79455),Zipcar,Renewal,E 114th St,1st Ave,Pleasant Ave,"400 East 114th St, New York, NY 10029",M-Z 494,111,W,"Manhattan, NY",40.79455,-73.9364,,,,,,,,,,,,,,,,,
POINT (-73.943 40.79564),Zipcar,Renewal,E 112th St,Park Ave,Lexington Ave,"146 East 112th St, New York, NY 10029",M-Z 500,111,E,"Manhattan, NY",40.79564,-73.943,,,,,,,,,,,,,,,,,
POINT (-73.9325 40.79646),Truqit Inc,New Site,118th St,Pleasant Ave,1st Ave,"45 East 118th St, New York, NY 10035",M-T 3,111,S,"Manhattan, NY",40.79646,-73.9325,,,,,,,,,,,,,,,,,
POINT (-73.9384 40.79648),Zipcar,Renewal,E 115th St,3rd Ave,2nd Ave,"249 E 115th St, New York, NY 10029",M-Z 499,111,E,"Manhattan, NY",40.79648,-73.9384,,,,,,,,,,,,,,,,,
POINT (-73.9372 40.79859),Zipcar,Renewal,E 118th St,3rd Ave,2nd Ave,"249 E 118th St, New York, NY 10035",M-Z 498,111,E,"Manhattan, NY",40.79859,-73.9372,,,,,,,,,,,,,,,,,
POINT (-73.935 40.79892),Zipcar,Renewal,E 120th St,2nd Ave,1st Ave,"352 E 120th St, New York, NY 10035",M-Z 497,111,E,"Manhattan, NY",40.79892,-73.935,,,,,,,,,,,,,,,,,
POINT (-73.941 40.79919),Truqit Inc,New Site,117th St,Lexington Ave,3rd Ave,"156 East 117th St, New York, NY 10035",M-T 4,111,S,"Manhattan, NY",40.79919,-73.941,,,,,,,,,,,,,,,,,
POINT (-73.9407 40.79966),Zipcar,Renewal,Lexington Ave,E 118th St,E 117th St,"1889 Lexington Ave, New York, NY 10035",M-Z 501,111,N,"Manhattan, NY",40.79966,-73.9407,,,,,,,,,,,,,,,,,
POINT (-73.9354 40.80016),Zipcar,Renewal,2nd Ave,3rd Ave,2nd Ave,"2nd Ave & E 121st St, New York, NY 10035",M-Z 496,111,E,"Manhattan, NY",40.80016,-73.9354,,,,,,,,,,,,,,,,,
POINT (-73.9393 40.80265),Zipcar,Renewal,E 122nd St,Lexington Ave,3rd Ave,"151 East 122nd St, New York, NY 10035",M-Z 495,111,W,"Manhattan, NY",40.80265,-73.9393,,,,,,,,,,,,,,,,,
POINT (-73.9403 40.80651),Getaround,New Site,E 126th St,Madison Ave,5th Ave,"1974 Madison Ave, New York, NY 10035",M-G 142,111,N,"Manhattan, NY",40.80651,-73.9403,,,,,,,,,,,,,,,,,
POINT (-73.9414 40.83344),Getaround,New Site,W 158th St,Amsterdam Ave,St Nicholas Ave,"498 W 158th St, New York, NY 10032",M-G 151,112,N,"Manhattan, NY",40.83344,-73.9414,,,,,,,,,,,,,,,,,
POINT (-73.9396 40.85008),Zipcar,New Site,S Pinehurst,W 180th,W 179th,"55 Pinehurst Ave, New York, NY 10033",M-Z 578,112,E,"Manhattan, NY",40.85008,-73.9396,,,,,,,,,,,,,,,,,
POINT (-73.9186 40.873),Zipcar,New Site,Indian,W 218th,W 215th,"33 Indian Rd, New York, NY 10034",M-Z 576,112,W,"Manhattan, NY",40.873,-73.9186,,,,,,,,,,,,,,,,,
POINT (-73.9468 40.8374),Zipcar,New Site,Riverside,W 161st,W 160th,"884 Riverside Dr, New York, NY 10032",M-Z 588,112,E,"Manhattan, NY",40.8374,-73.9468,,,,,,,,,,,,,,,,,
POINT (-73.9501 40.82975),Zipcar,New Site,Riverside,W 149th,W 150rd,"720 Riverside Dr, New York, NY 10031",M-Z 577,112,W,"Manhattan, NY",40.82975,-73.9501,,,,,,,,,,,,,,,,,
POINT (-73.9112 40.80822),Zipcar,New Site,E 142nd St,Jackson Ave,Powers Ave,"707 E 142nd St, Bronx, NY 10454",B-Z 502,201,E,"Bronx, NY",40.80822,-73.9112,,,,,,,,,,,,,,,,,
POINT (-73.910742 40.808948),Zipcar,New Site,Jackson Ave,E 144 St,E 143 St,"376 Jackson Ave, Bronx, NY 10454",B-Z 504,201,S,"Bronx, NY",40.808948,-73.910742,,,,,,,,,,,,,,,,,
POINT (-73.9208 40.81167),Zipcar,New Site,Willis Ave,E 143rd St,E 142 St,"354 Willis Ave, Bronx, NY 10454",B-Z 510,201,S,"Bronx, NY",40.81167,-73.9208,,,,,,,,,,,,,,,,,
POINT (-73.9246 40.81224),Zipcar,New Site,E 141st St,3rd Ave,Alexander Ave,"308 E 141st St, Bronx, NY 10454",B-Z 509,201,W,"Bronx, NY",40.81224,-73.9246,,,,,,,,,,,,,,,,,
POINT (-73.9067 40.8184),Zipcar,New Site,Jackson Ave,E 156 St,E 158 St,"748 Jackson Ave, Bronx, NY 10456",B-Z 514,201,S,"Bronx, NY",40.8184,-73.9067,,,,,,,,,,,,,,,,,
POINT (-73.891 40.80975),Zipcar,New Site,Worthen St,Oak Pt Ave,Randall Ave,"501 Worthen St, Bronx, NY 10474",B-Z 454,202,S,"Bronx, NY",40.80975,-73.891,,,,,,,,,,,,,,,,,
POINT (-73.88916 40.809976),Zipcar,New Site,Casanova St,Oak Point Ave,Randall Ave,"500 Casanova St, Bronx, NY 10474",B-Z 446,202,S,"Bronx, NY",40.809976,-73.88916,,,,,,,,,,,,,,,,,
POINT (-73.8917 40.81187),Zipcar,New Site,Worthen St,Truxton St,Randall Ave,"611 Worthen St, Bronx, NY 10474",B-Z 441,202,S,"Bronx, NY",40.81187,-73.8917,,,,,,,,,,,,,,,,,
POINT (-73.8894 40.81391),Zipcar,New Site,Spofford Ave,Barretto St,Casanova St,"1240 Spofford Ave, Bronx, NY 10474",B-Z 449,202,E,"Bronx, NY",40.81391,-73.8894,,,,,,,,,,,,,,,,,
POINT (-73.8889146434189 40.8103958774727),Zipcar,New Site,Casanova St,Oak Point Ave,Randall Ave,"510 Casanova St, Bronx,  NY 10474",B-Z 447,202,S,"Bronx, NY",40.810396,-73.888915,,,,,,,,,,,,,,,,,
POINT (-73.903 40.82253),Zipcar,New Site,Tinton Ave,E 163rd St,E 161 St,"930 Tinton Ave, Bronx, NY 10456",B-Z 520,203,N,"Bronx, NY",40.82253,-73.903,,,,,,,,,,,,,,,,,
POINT (-73.8888 40.82694),Getaround,New Site,Bryant Ave,W Farms Rd,E 167th St,"1120 Bryant Ave, Bronx, NY 10459",B-G 166,203,E,"Bronx, NY",40.82694,-73.8888,,,,,,,,,,,,,,,,,
POINT (-73.898825 40.826247),Zipcar,New Site,Prospect Ave,E 167 St,E 166 St,"1115 Prospect Ave, Bronx, NY 10459",B-Z 456,203,N,"Bronx, NY",40.826247,-73.898825,,,,,,,,,,,,,,,,,
POINT (-73.9168 40.83818),Zipcar,New Site,Marcy Pl,Grand Concourse,Walton Ave,"106 Marcy Pl, Bronx, NY 10452",B-Z 527,204,W,"Bronx, NY",40.83818,-73.9168,,,,,,,,,,,,,,,,,
POINT (-73.916539 40.83885),Zipcar,New Site,Walton Ave,Elliot St,Marcy Pl,"1372 Walton Ave, Bronx, NY 10452",B-Z 526,204,N,"Bronx, NY",40.83885,-73.916539,,,,,,,,,,,,,,,,,
POINT (-73.9179 40.83957),Getaround,New Site,Elliot Pl,Jerome Ave,Walton Ave,"1380 Jerome Ave, Bronx, NY 10452",B-G 172,204,S,"Bronx, NY",40.83957,-73.9179,,,,,,,,,,,,,,,,,
POINT (-73.9292 40.83123),Getaround,New Site,Woodycrest Ave,Jerome Ave,W 162nd St,"936 Woodycrest Ave, Bronx, NY 10452",B-G 176,204,W,"Bronx, NY",40.83123,-73.9292,,,,,,,,,,,,,,,,,
POINT (-73.9083 40.85397),Getaround,New Site,Davidson Av,W burnside av,W 180th St,"21 West Burnside Ave, Bronx, NY 10453",B-G 180,205,,"Bronx, NY",40.85397,-73.9083,,,,,,,,,,,,,,,,,
POINT (-73.9132 40.85963),Zipcar,New Site,Hall of fame Ter,Loring PL N,Sedgwick,"2070 Sedgwick Ave, Bronx, NY 10453",B-Z 546,205,E,"Bronx, NY",40.85963,-73.9132,,,,,,,,,,,,,,,,,
POINT (-73.8825 40.8511),Getaround,New Site,E 183rd St,Sou rn Blvd,Prospect Ave,"760 East 183rd St, Bronx, NY 10460",B-G 196,206,S,"Bronx, NY",40.8511,-73.8825,,,,,,,,,,,,,,,,,
POINT (-73.8888 40.85334),Getaround,New Site,Adams Pl,E 183rd St,Crescent Ave,"608 Crescent Ave, Bronx, NY 10458",B-G 188,206,W,"Bronx, NY",40.85334,-73.8888,,,,,,,,,,,,,,,,,
POINT (-73.8884 40.86617),Zipcar,New Site,Marion Ave,E 197th St,E 195th St,"2742 Marion Ave, Bronx, NY 10458",B-Z 3,207,E,"Bronx, NY",40.86617,-73.8884,,,,,,,,,,,,,,,,,
POINT (-73.8868 40.86721),Zipcar,New Site,E 198th St,Marion Ave,Decatur Ave,"351 E 198th St, Bronx, NY 10458",B-Z 2,207,N,"Bronx, NY",40.86721,-73.8868,,,,,,,,,,,,,,,,,
POINT (-73.8951 40.86878),Getaround,New Site,E 196th St,Morris Ave,Jerome Ave,"19 East 196th St, Bronx, NY 10468",B-G 199,207,S,"Bronx, NY",40.86878,-73.8951,,,,,,,,,,,,,,,,,
POINT (-73.8777 40.87418),Getaround,New Site,E 205th St,Perry Ave,Bainbridge Ave,"3151 Perry Ave, Bronx, NY 10467",B-G 200,207,N,"Bronx, NY",40.87418,-73.8777,,,,,,,,,,,,,,,,,
POINT (-73.904569 40.885175),Zipcar,New Site,W 236 St,Irwin Ave,Tibbet Ave,"3600 Irwin Av, Bronx, NY 10463",B-Z 529,208,W,"Bronx, NY",40.885175,-73.904569,,,,,,,,,,,,,,,,,
POINT (-73.899618 40.889744),Zipcar,New Site,Manhattan College Pkwy,W 242nd St,Manhattan College Plwy,"4652 Manhattan College Pkwy, Bronx, NY 10471",B-Z 528,208,S,"Bronx, NY",40.889744,-73.899618,,,,,,,,,,,,,,,,,
POINT (-73.900467 40.877378),Zipcar,New Site,Kingsbridge Terr,Perot,Summit,"3100 Kingsbridge Ter, Bronx, NY 10463",B-Z 575,208,W,"Bronx, NY",40.877378,-73.900467,,,,,,,,,,,,,,,,,
POINT (-73.917824 40.881855),Zipcar,New Site,W 227th St,Independence Ave,Henry Hudson Pkwy W,"690 W 227 St, Bronx, NY 10463",B-Z 13,208,N,"Bronx, NY",40.881855,-73.917824,,,,,,,,,,,,,,,,,
POINT (-73.8798 40.8193),Zipcar,New Site,Colgate Ave,Story Ave,Lafayette Ave,"800 Colgate Ave, Bronx, , NY 10473",B-Z 466,209,E,"Bronx, NY",40.8193,-73.8798,,,,,,,,,,,,,,,,,
POINT (-73.8699 40.827),Zipcar,Renewal,Croes Ave,Watson Ave,Croes Ave,"1098 Croes Ave, Bronx, 10472",B-Z 487,209,N,"Bronx, NY",40.827,-73.8699,,,,,,,,,,,,,,,,,
POINT (-73.861 40.82852),Zipcar,Renewal,Watson Ave,White Plains Rd,Underhill Ave,"1895 Watson Ave, Bronx, 10472",B-Z 485,209,E,"Bronx, NY",40.82852,-73.861,,,,,,,,,,,,,,,,,
POINT (-73.8632 40.83017),Zipcar,Renewal,Leland Ave,Gleason Ave,Watson Ave,"1171 Leland Ave, Bronx, 10472",B-Z 491,209,N,"Bronx, NY",40.83017,-73.8632,,,,,,,,,,,,,,,,,
POINT (-73.8477 40.83025),Zipcar,New Site,Watson Ave,Havemeyer Ave,Cross Bronx Expwy,"2271 Watson Ave, Bronx, NY 10462",B-Z 462,209,N,"Bronx, NY",40.83025,-73.8477,,,,,,,,,,,,,,,,,
POINT (-73.8442 40.8304),Zipcar,New Site,Zerega Ave,Watson Ave,Blackrock Ave,"1066 Zerega Ave, Bronx, NY 10462",B-Z 457,209,N,"Bronx, NY",40.8304,-73.8442,,,,,,,,,,,,,,,,,
POINT (-73.850115 40.830549),Zipcar,New Site,Haviland Ave,Havemeyer Ave,Cross Bronx Service Rd N,"2201 Haviland Ave,  Bronx, , NY 10462",B-Z 530,209,W,"Bronx, NY",40.830549,-73.850115,,,,,,,,,,,,,,,,,
POINT (-73.8474 40.83097),Zipcar,New Site,Haviland Ave,Havemeyer Ave,Zerega Ave,"2303 Haviland Ave, Bronx, , NY 10462",B-Z 464,209,N,"Bronx, NY",40.83097,-73.8474,,,,,,,,,,,,,,,,,
POINT (-73.8505 40.83117),Zipcar,New Site,Powell Ave,Castle Hill Ave,Havemeyer Ave,"2200 Powell Ave, Bronx, NY 10462",B-Z 473,209,W,"Bronx, NY",40.83117,-73.8505,,,,,,,,,,,,,,,,,
POINT (-73.8445 40.83151),Zipcar,New Site,Zerega Ave,Gleason Ave,Commerce Ave,"1130 Zerega Ave, Bronx, NY 10462",B-Z 481,209,E,"Bronx, NY",40.83151,-73.8445,,,,,,,,,,,,,,,,,
POINT (-73.8481 40.83159),Zipcar,New Site,Powell Ave,Castle Hill Ave,Havemeyer Ave,"1151 Havemeyer Ave, Bronx, NY",B-Z 474,209,E,"Bronx, NY",40.83159,-73.8481,,,,,,,,,,,,,,,,,
POINT (-73.8672 40.83192),Zipcar,Renewal,St Lawrence Ave,E 172 St,Westchester Ave,"1261 Saint Lawrence Ave, Bronx, 10472",B-Z 493,209,S,"Bronx, NY",40.83192,-73.8672,,,,,,,,,,,,,,,,,
POINT (-73.8722 40.83201),Zipcar,Renewal,Fteley Ave,E 174 St,E 172 St,"1300 Fteley Ave, Bronx, 10472",B-Z 488,209,S,"Bronx, NY",40.83201,-73.8722,,,,,,,,,,,,,,,,,
POINT (-73.8482 40.8323),Zipcar,New Site,Gleason Ave,Castle Hill Ave,Havemeyer Ave,"2277 Gleason Ave, Bronx, NY 10462",B-Z 465,209,S,"Bronx, NY",40.8323,-73.8482,,,,,,,,,,,,,,,,,
POINT (-73.8685 40.83254),Zipcar,Renewal,Commonwealth Ave,E 174 St,E 172 St,"1300 Commonwealth Ave, Bronx, 10472",B-Z 484,209,S,"Bronx, NY",40.83254,-73.8685,,,,,,,,,,,,,,,,,
POINT (-73.8447 40.83262),Zipcar,New Site,Gleason Ave,Zerega Ave,Commerce Ave,"2400 Gleason Ave, Bronx, NY 10462",B-Z 467,209,S,"Bronx, NY",40.83262,-73.8447,,,,,,,,,,,,,,,,,
POINT (-73.8599 40.83347),Zipcar,Renewal,Westchester Ave,Metropolitan Ave,Pugsley Ave,"1921 Westchester Ave, Bronx, 10462",B-Z 490,209,W,"Bronx, NY",40.83347,-73.8599,,,,,,,,,,,,,,,,,
POINT (-73.8485 40.83374),Zipcar,New Site,Newbold Ave,Castle Hill Ave,Havemeyer Ave,"2278 Newbold Ave, Bronx, NY 10462",B-Z 482,209,S,"Bronx, NY",40.83374,-73.8485,,,,,,,,,,,,,,,,,
POINT (-73.8652 40.83405),Zipcar,Renewal,McGraw Ave,Thieriot Ave,Taylor Ave,"1830 McGraw Ave, Bronx, 10472",B-Z 492,209,E,"Bronx, NY",40.83405,-73.8652,,,,,,,,,,,,,,,,,
POINT (-73.8529 40.83425),Getaround,New Site,Purdy St,Starling Ave,Westchester Ave,"1301 Purdy St, Bronx, NY 10462",B-G 205,209,W,"Bronx, NY",40.83425,-73.8529,,,,,,,,,,,,,,,,,
POINT (-73.8653 40.83549),Zipcar,Renewal,Wood Ave,Thieriot Ave,Leland Ave,"1843 Wood Ave, Bronx, 10460",B-Z 486,209,W,"Bronx, NY",40.83549,-73.8653,,,,,,,,,,,,,,,,,
POINT (-73.8668 40.8391),Zipcar,Renewal,Guerlain St,Taylor Ave,Thieriot Ave,"1838 Guerlain St, Bronx, 10460",B-Z 489,209,W,"Bronx, NY",40.8391,-73.8668,,,,,,,,,,,,,,,,,
POINT (-73.851 40.81843),Zipcar,New Site,Olmstead,Randall,Caesar,"580 Olmstead Ave, Bronx, NY",B-Z 574,209,E,"Bronx, NY",40.81843,-73.851,,,,,,,,,,,,,,,,,
POINT (-73.8438 40.83947),Getaround,New Site,Overing St,Westchester Ave,Tratman Ave,"1401B Overing St, Bronx, NY 10461",B-G 215,210,S,"Bronx, NY",40.83947,-73.8438,,,,,,,,,,,,,,,,,
POINT (-73.8456 40.8407),Zipcar,New Site,Frisby Ave,St Peters Ave,Overing St,"2537 Frisby Ave, Bronx, NY 10461",B-Z 114,210,N,"Bronx, NY",40.8407,-73.8456,,,,,,,,,,,,,,,,,
POINT (-73.83 40.84998),Zipcar,New Site,Westchester Ave,Arnow Pl,Willow Ln,"3138 Westchester Ave, Bronx, NY 10461",B-Z 109,210,N,"Bronx, NY",40.84998,-73.83,,,,,,,,,,,,,,,,,
POINT (-73.8274 40.85169),Zipcar,New Site,Wilkinson Ave,Westchester Ave,Bruckner Blvd,"3120 Wilkinson Ave, Bronx, 10461",B-Z 111,210,E,"Bronx, NY",40.85169,-73.8274,,,,,,,,,,,,,,,,,
POINT (-73.8306491016734 40.8312166096797),Zipcar,New Site,Quincy Ave,Barkley Ave,Bruckner Blvd,"2800 bruckner blvd, Bronx, NY",B-Z 115,210,W,"Bronx, NY",40.831217,-73.830649,,,,,,,,,,,,,,,,,
POINT (-73.8448 40.87003),Getaround,New Site,Fenton St,Hammersley Ave,Knapp St,"3054 Fenton Ave, Bronx, NY 10469",B-G 225,212,W,"Bronx, NY",40.87003,-73.8448,,,,,,,,,,,,,,,,,
POINT (-73.8661 40.87159),Getaround,New Site,Cruger Ave,S Oak Dr,Burke Ave,"721 Burke Ave, Bronx, NY 10467",B-G 219,212,E,"Bronx, NY",40.87159,-73.8661,,,,,,,,,,,,,,,,,
POINT (-73.8646 40.87757),Getaround,New Site,E 211th St,White Plains Rd,Holland Ave,"729 East 211th St, Bronx, NY 10467",B-G 223,212,N,"Bronx, NY",40.87757,-73.8646,,,,,,,,,,,,,,,,,
POINT (-73.8373 40.87914),Getaround,New Site,Tillotson Ave,Thomas E. Brown Ave,De Reiner Ave,"2000 Tillotson Ave, Bronx, NY 10475",B-G 227,212,S,"Bronx, NY",40.87914,-73.8373,,,,,,,,,,,,,,,,,
POINT (-73.868 40.87994),Zipcar,New Site,Bronx Blvd,E 213 St,E 211 St,"3576 Bronx Blvd, Bronx, NY 10467",B-Z 304,212,N,"Bronx, NY",40.87994,-73.868,,,,,,,,,,,,,,,,,
POINT (-73.8419 40.88003),Zipcar,New Site,Boston Rd,E 224th St,Ely Ave,"3663 Boston Rd, Bronx, NY 10466",B-Z 309,212,W,"Bronx, NY",40.88003,-73.8419,,,,,,,,,,,,,,,,,
POINT (-73.8482 40.88627),Zipcar,New Site,Laconia Ave,E 227th St,E 228th St,"4049 Laconia Ave, Bronx, NY 10466",B-Z 311,212,S,"Bronx, NY",40.88627,-73.8482,,,,,,,,,,,,,,,,,
POINT (-73.8505 40.88794),Zipcar,New Site,E 229th St,Bronxwood Ave,Paulding Ave,"969 East 229th St, Bronx, NY 10466",B-Z 329,212,E,"Bronx, NY",40.88794,-73.8505,,,,,,,,,,,,,,,,,
POINT (-73.85642018 40.88889589),Zipcar,New Site,Barnes Ave,E 227 St,E 228 St,"4044 Barnes Ave,   Bronx, NY 10466",B-Z 531,212,N,"Bronx, NY",40.888896,-73.85642,,,,,,,,,,,,,,,,,
POINT (-73.8497 40.88937),Zipcar,New Site,E 231st St,Bronxwood Ave,Paulding Ave,"971 East 231st St, Bronx, NY 10466",B-Z 325,212,E,"Bronx, NY",40.88937,-73.8497,,,,,,,,,,,,,,,,,
POINT (-73.8526 40.89018),Zipcar,New Site,Bronxwood Ave,E 230th St,E 231st St,"4149 Bronxwood Ave, Bronx, NY, 10466",B-Z 314,212,N,"Bronx, NY",40.89018,-73.8526,,,,,,,,,,,,,,,,,
POINT (-73.8554 40.89052),Zipcar,New Site,Barnes Ave,E 230th St,E 231st St,"4126 Barnes Ave, Bronx, NY 10466",B-Z 315,212,S,"Bronx, NY",40.89052,-73.8554,,,,,,,,,,,,,,,,,
POINT (-73.94508 40.708505),Zipcar,New Site,Manhattan Ave,Scholes St,Meserole St,"166 Manhattan Ave, Brooklyn, NY 11206",K-Z 533,301,N,"Brooklyn, NY",40.708505,-73.94508,,,,,,,,,,,,,,,,,
POINT (-73.9656 40.71035),Getaround,New Site,Berry St,S 8th St,Broadway,"84 Broadway, Brooklyn, NY 11249",K-G 245,301,W,"Brooklyn, NY",40.71035,-73.9656,,,,,,,,,,,,,,,,,
POINT (-73.9649 40.7152),Zipcar,Renewal,Wythe Ave,Grand St,1st t,"326 Wythe Ave, Brooklyn, NY 11249",K-Z 354,301,S,"Brooklyn, NY",40.7152,-73.9649,,,,,,,,,,,,,,,,,
POINT (-73.9576 40.71578),Zipcar,Renewal,N 5th St,Driggs Ave,Roebling St,"180 North 5th St, Brooklyn, NY 11211",K-Z 351,301,E,"Brooklyn, NY",40.71578,-73.9576,,,,,,,,,,,,,,,,,
POINT (-73.9622 40.71605),Zipcar,Renewal,Metropolitan Ave,Wythe Ave,Berry St,"151 Metropolitan Ave, Brooklyn, NY 11249",K-Z 348,301,E,"Brooklyn, NY",40.71605,-73.9622,,,,,,,,,,,,,,,,,
POINT (-73.9543 40.71683),Zipcar,Renewal,Roebling St,N 9th St,N 8th St,"63 Roebling St, Brooklyn, NY 11211",K-Z 353,301,S,"Brooklyn, NY",40.71683,-73.9543,,,,,,,,,,,,,,,,,
POINT (-73.9548 40.72045),Zipcar,Renewal,N 12th St,Bedford Ave,Driggs Ave,"180 North 12th St, Brooklyn, NY 11211",K-Z 350,301,W,"Brooklyn, NY",40.72045,-73.9548,,,,,,,,,,,,,,,,,
POINT (-73.9499 40.72417),Getaround,New Site,Leonard St,Norman Ave,Nassau Ave,"566 Leonard St, Brooklyn, NY 11222",K-G 237,301,E,"Brooklyn, NY",40.72417,-73.9499,,,,,,,,,,,,,,,,,
POINT (-73.9547 40.73159),Getaround,New Site,Java St,Manhattan Ave,Franklin St,"154 Java St, Brooklyn, NY 11222",K-G 231,301,S,"Brooklyn, NY",40.73159,-73.9547,,,,,,,,,,,,,,,,,
POINT (-73.9556 40.73743),Zipcar,New Site,Manhattan Ave,Ash St,Box St,"1139 Manhattan Ave, Brooklyn, NY 11222",K-Z 338,301,S,"Brooklyn, NY",40.73743,-73.9556,,,,,,,,,,,,,,,,,
POINT (-73.9571 40.71814),Zipcar,Renewal,N 8th St,Bedford Ave,Driggs Ave,"166 North 8th St, Brooklyn, NY 11211",K-Z 352,301,W,"Brooklyn, NY",40.71814,-73.9571,,,,,,,,,,,,,,,,,
POINT (-73.9524 40.70957),Zipcar,Renewal,Hooper St,S 2 St,S 1 St,"386 Hooper St, Brooklyn, NY 11211",K-Z 356,301,S,"Brooklyn, NY",40.70957,-73.9524,,,,,,,,,,,,,,,,,
POINT (-73.9563 40.71269),Zipcar,Renewal,Grand St,Havemeyer St,Marcy Ave,"349 Grand St, Brooklyn, NY 11211",K-Z 343,301,E,"Brooklyn, NY",40.71269,-73.9563,,,,,,,,,,,,,,,,,
POINT (-73.9619 40.71312),Zipcar,Renewal,S 2nd St,Bedford Ave,Driggs Ave,"146 South 2nd St, Brooklyn, NY 11211",K-Z 355,301,W,"Brooklyn, NY",40.71312,-73.9619,,,,,,,,,,,,,,,,,
POINT (-73.9421 40.71091),Zipcar,Renewal,Maujer St,Humboldt St,Bushwick Ave,"192 Maujer St, Brooklyn, NY 11206",K-Z 345,301,W,"Brooklyn, NY",40.71091,-73.9421,,,,,,,,,,,,,,,,,
POINT (-73.942 40.7094),Zipcar,Renewal,Humboldt St,Maujer St,Stagg St,"226 Humboldt St, Brooklyn, NY 11206",K-Z 344,301,W,"Brooklyn, NY",40.7094,-73.942,,,,,,,,,,,,,,,,,
POINT (-73.9611 40.71135),Zipcar,Renewal,S 4th St,Driggs Ave,Roebling St,"171 South 4th St, Brooklyn, NY 11211",K-Z 357,301,W,"Brooklyn, NY",40.71135,-73.9611,,,,,,,,,,,,,,,,,
POINT (-73.9592 40.71507),Zipcar,Renewal,Metropolitan Ave,Bedford Ave,Driggs Ave,"239 Metropolitan Ave, Brooklyn, NY 11211",K-Z 347,301,E,"Brooklyn, NY",40.71507,-73.9592,,,,,,,,,,,,,,,,,
POINT (-73.9509 40.71098),Zipcar,Renewal,Union Ave,Grand St,Maujer St,"352 Union Ave, Brooklyn, NY 11211",K-Z 359,301,N,"Brooklyn, NY",40.71098,-73.9509,,,,,,,,,,,,,,,,,
POINT (-73.947 40.70761),Zipcar,Renewal,Meserole St,Lorimer St,Leonard St,"84 Meserole St, Brooklyn, NY 11206",K-Z 346,301,E,"Brooklyn, NY",40.70761,-73.947,,,,,,,,,,,,,,,,,
POINT (-73.9427 40.70432),Zipcar,Renewal,Seigel St,Manhattan Ave,Graham Ave,"103 Seigel St, Brooklyn, NY 11206",K-Z 358,301,E,"Brooklyn, NY",40.70432,-73.9427,,,,,,,,,,,,,,,,,
POINT (-73.944439 40.725535),Zipcar,New Site,Russell,Nassau,Driggs,"140 Russell St, Brooklyn, NY 11222",K-Z 572,301,E,"Brooklyn, NY",40.725535,-73.944439,,,,,,,,,,,,,,,,,
POINT (-73.9397 40.7078),Zipcar,Renewal,Montrose Ave,Bushwick Ave,Bushwick Pl,"229 Montrose Ave, Brooklyn, NY 11206",K-Z 349,301,W,"Brooklyn, NY",40.7078,-73.9397,,,,,,,,,,,,,,,,,
POINT (-73.9493 40.71269),Zipcar,Renewal,Ainslie St,Union Ave,Lorimer St,"133 Ainslie St, Brooklyn, NY 11211",K-Z 341,301,E,"Brooklyn, NY",40.71269,-73.9493,,,,,,,,,,,,,,,,,
POINT (-73.9581 40.73353),Zipcar,New Site,Franklin,Freeman,Green,"226 Franklin St, Brooklyn, NY 11222",K-Z 573,301,E,"Brooklyn, NY",40.73353,-73.9581,,,,,,,,,,,,,,,,,
POINT (-73.948601 40.728607),Zipcar,New Site,Diamond,Calyer,Meserole,"181 Diamond St, Brooklyn, NY 11222",K-Z 571,301,W,"Brooklyn, NY",40.728607,-73.948601,,,,,,,,,,,,,,,,,
POINT (-73.955 40.70811),Zipcar,Renewal,S 5th St,Keap St,Hooper St,"352 S 5th St, Brooklyn, NY 11211",K-Z 342,301,W,"Brooklyn, NY",40.70811,-73.955,,,,,,,,,,,,,,,,,
POINT (-73.966154 40.716056),Zipcar,New Site,Kent Ave,S 1st St,Grand St,"259 Kent Ave, Brooklyn, NY 11249",K-Z 532,301,N,"Brooklyn, NY",40.716056,-73.966154,,,,,,,,,,,,,,,,,
POINT (-73.9603626 40.71962262),Getaround,New Site,Wythe Ave,N 8th St,N 7th St,"139-127 Wythe Ave, Brooklyn, NY 11249",K-G 601,301,W,"Brooklyn, NY",40.719623,-73.960363,,,,,,,,,,,,,,,,,
POINT (-73.967 40.68367),Getaround,New Site,Clinton Ave,Fulton St,Gates Ave,"907 Fulton St, Brooklyn, NY 11238",K-G 258,302,W,"Brooklyn, NY",40.68367,-73.967,,,,,,,,,,,,,,,,,
POINT (-73.978 40.69341),Getaround,New Site,Myrtle Ave,Ashland Pl,St Edwards St,"260 Myrtle Ave, Brooklyn, NY 11201",K-G 250,302,S,"Brooklyn, NY",40.69341,-73.978,,,,,,,,,,,,,,,,,
POINT (-73.9963 40.69615),Getaround,New Site,Pierrepont St,Willow St,Hicks St,"27 Pierrepont St, Brooklyn, NY 11201",K-G 246,302,N,"Brooklyn, NY",40.69615,-73.9963,,,,,,,,,,,,,,,,,
POINT (-73.9708 40.69772),Getaround,New Site,Vanderbilt Ave,Park Ave,Flushing Ave,"8 Vanderbilt Ave, Brooklyn, NY 11205",K-G 251,302,W,"Brooklyn, NY",40.69772,-73.9708,,,,,,,,,,,,,,,,,
POINT (-73.9855 40.68612),Zipcar,Renewal,Bond St,Pacific St,Dean St,"116 Bond St, Brooklyn, NY 11201",K-Z 406,302,W,"Brooklyn, NY",40.68612,-73.9855,,,,,,,,,,,,,,,,,
POINT (-73.993731 40.695901),Zipcar,New Site,Henry,Love,Clark,"155 Henry St, Brooklyn, NY 11201",K-Z 614,302,E,"Brooklyn, NY",40.695901,-73.993731,,,,,,,,,,,,,,,,,
POINT (-73.989373 40.703842),Zipcar,New Site,Plymouth,Washington,Adams,"104 Plymouth St, Brooklyn, NY 11201",K-Z 615,302,S,"Brooklyn, NY",40.703842,-73.989373,,,,,,,,,,,,,,,,,
POINT (-73.980551 40.699892),Zipcar,New Site,Navy,Sands,York,"228 York St, Brooklyn, NY 11201",K-Z 570,302,N,"Brooklyn, NY",40.699892,-73.980551,,,,,,,,,,,,,,,,,
POINT (-73.9919 40.68783),Zipcar,Renewal,Dean St,Boerum Pl,Court St,"16 Dean St, Brooklyn, NY 11201",K-Z 403,302,W,"Brooklyn, NY",40.68783,-73.9919,,,,,,,,,,,,,,,,,
POINT (-73.9898 40.68795),Zipcar,Renewal,Smith St,Pacific St,Dean St,"284 Pacific St, Brooklyn, NY 11201",K-Z 407,302,S,"Brooklyn, NY",40.68795,-73.9898,,,,,,,,,,,,,,,,,
POINT (-73.9962 40.69436),Zipcar,Renewal,Hicks St,Remsen St,Grace Ct,"60 Remsen St, Brooklyn, NY 11201",K-Z 404,302,E,"Brooklyn, NY",40.69436,-73.9962,,,,,,,,,,,,,,,,,
POINT (-73.9827 40.6858),Zipcar,Renewal,Nevins St,Atlantic Ave,Pacific St,"87 Nevins St, Brooklyn, NY 11217",K-Z 405,302,E,"Brooklyn, NY",40.6858,-73.9827,,,,,,,,,,,,,,,,,
POINT (-73.99584295 40.69922516),Zipcar,Renewal,Columbia Heights,Pineapple Street,Orange Street,"115  Columbia Heights, Brooklyn, NY",K-Z 595,302,E,"Brooklyn, NY",40.699225,-73.995843,,,,,,,,,,,,,,,,,
POINT (-73.951 40.68859),Zipcar,New Site,Greene Ave,Nostrand Ave,Marcy Ave,"499 Greene Ave, Brooklyn, NY 11216",K-Z 17,303,W,"Brooklyn, NY",40.68859,-73.951,,,,,,,,,,,,,,,,,
POINT (-73.9481 40.68888),Zipcar,New Site,Marcy Ave,Clifton Pl,Greene Ave,"734 Marcy Ave, Brooklyn, NY 11216",K-Z 25,303,S,"Brooklyn, NY",40.68888,-73.9481,,,,,,,,,,,,,,,,,
POINT (-73.9515 40.68915),Getaround,New Site,Clifton Pl,Nostrand Ave,Bedford Ave,"297 Clifton Place, Brooklyn, NY 11205",K-G 262,303,N,"Brooklyn, NY",40.68915,-73.9515,,,,,,,,,,,,,,,,,
POINT (-73.9505 40.6891),Zipcar,New Site,Clifton Pl,Marcy Ave,Nostrand Ave,"281 Nostrand Ave, Brooklyn, NY 11216",K-Z 28,303,E,"Brooklyn, NY",40.6891,-73.9505,,,,,,,,,,,,,,,,,
POINT (-73.948 40.69038),Zipcar,New Site,Lafayette Ave,Marcy Ave,Tompkins Ave,"660 Lafayette Ave, Brooklyn, NY 11216",K-Z 23,303,W,"Brooklyn, NY",40.69038,-73.948,,,,,,,,,,,,,,,,,
POINT (-73.945282 40.690454),Zipcar,New Site,Tompkins Ave,Lafayette Ave,Kosciuszko St,"247 Tompkins Ave, Brooklyn, NY 11216",K-Z 535,303,N,"Brooklyn, NY",40.690454,-73.945282,,,,,,,,,,,,,,,,,
POINT (-73.9455 40.6907),Zipcar,New Site,Lafayette Ave,Marcy Ave,Tompkins Ave,"695 Lafayette Ave, Brooklyn, NY 11216",K-Z 26,303,E,"Brooklyn, NY",40.6907,-73.9455,,,,,,,,,,,,,,,,,
POINT (-73.9481 40.69087),Zipcar,New Site,Kosciuszko St,Marcy St,Tompkins Ave,"168 Kosciuszko St, Brooklyn, NY 11216",K-Z 20,303,E,"Brooklyn, NY",40.69087,-73.9481,,,,,,,,,,,,,,,,,
POINT (-73.948505 40.693205),Zipcar,New Site,Tompkins Ave,Lafayette Ave,Kosciuszko St,"80 Hart St, Brooklyn, NY 11206",K-Z 534,303,W,"Brooklyn, NY",40.693205,-73.948505,,,,,,,,,,,,,,,,,
POINT (-73.9636 40.69574),Zipcar,New Site,Steuben,Park,Myrtle,"62 Steuben St, Brooklyn, NY 11205",K-Z 569,302,W,"Brooklyn, NY",40.69574,-73.9636,,,,,,,,,,,,,,,,,
POINT (-73.9167 40.6866),Getaround,New Site,Hancock St,Bushwick Ave,Broadway,"970 Hancock St, Brooklyn, NY 11221",K-G 270,304,E,"Brooklyn, NY",40.6866,-73.9167,,,,,,,,,,,,,,,,,
POINT (-73.9255 40.69165),Getaround,New Site,Greene Ave,Broadway,Bushwick Ave,"1401 Greene Ave, Brooklyn, NY 11221",K-G 271,304,N,"Brooklyn, NY",40.69165,-73.9255,,,,,,,,,,,,,,,,,
POINT (-73.9164 40.70003),Getaround,New Site,Bleeker St,Irving Ave,Myrtle Ave,"252 Irving Ave, Brooklyn, NY 11237",K-G 265,304,E,"Brooklyn, NY",40.70003,-73.9164,,,,,,,,,,,,,,,,,
POINT (-73.8918 40.65985),Getaround,New Site,Hegeman Ave,Sheffield Ave,Pennsylvania Ave,"538 Hegeman Ave, Brooklyn, NY 11207",K-G 278,305,S,"Brooklyn, NY",40.65985,-73.8918,,,,,,,,,,,,,,,,,
POINT (-73.8903 40.67258),Getaround,New Site,Van Siclen Ave,Belmont Ave,Pitkin Ave,"Van Siclen Ave, Brooklyn, NY 11239",K-G 282,305,W,"Brooklyn, NY",40.67258,-73.8903,,,,,,,,,,,,,,,,,
POINT (-73.8709 40.67541),Getaround,New Site,Pine St,Belmont Ave,Pitkin Ave,"413 Pine St, Brooklyn, NY 11208",K-G 281,305,E,"Brooklyn, NY",40.67541,-73.8709,,,,,,,,,,,,,,,,,
POINT (-73.8663 40.66731),Zipcar,New Site,Loring,Autumn,Bishop Clarence V. Keaton,"1211 Loring Ave, Brooklyn, NY 11208",K-Z 568,305,N,"Brooklyn, NY",40.66731,-73.8663,,,,,,,,,,,,,,,,,
POINT (-73.8856 40.68367),Zipcar,New Site,Elton,Jamaica,Ridgewood,"1 Elton St, Brooklyn, NY 11208",K-Z 566,305,E,"Brooklyn, NY",40.68367,-73.8856,,,,,,,,,,,,,,,,,
POINT (-73.8716 40.68559),Zipcar,New Site,Ridgewood,Hemlock,Crescent,"466 Ridgewood Ave, Brooklyn, NY 11208",K-Z 567,305,S,"Brooklyn, NY",40.68559,-73.8716,,,,,,,,,,,,,,,,,
POINT (-73.8736 40.67257),Zipcar,New Site,Sutter,Crystal,Chestnut,"1199 Sutter Ave, Brooklyn, NY 11208",K-Z 565,305,N,"Brooklyn, NY",40.67257,-73.8736,,,,,,,,,,,,,,,,,
POINT (-73.9721 40.67062),Zipcar,New Site,Prospect Park W,Montgomery Pl,Garfield Pl,"28 Prospect Park W, Brooklyn, NY 11215",K-Z 434,306,N,"Brooklyn, NY",40.67062,-73.9721,,,,,,,,,,,,,,,,,
POINT (-73.9784 40.67905),Zipcar,New Site,Sterling Pl,5th Ave,6th Ave,"11-13 Sterling Place, Brooklyn, NY 11217",K-Z 433,306,W,"Brooklyn, NY",40.67905,-73.9784,,,,,,,,,,,,,,,,,
POINT (-73.9928 40.68358),Getaround,New Site,Douglass St,Smith St,Court St,"58 Douglass St, Brooklyn, NY 11231",K-G 287,306,S,"Brooklyn, NY",40.68358,-73.9928,,,,,,,,,,,,,,,,,
POINT (-73.9952 40.68818),Getaround,New Site,Congress St,Clinton St,Court St,"185 Congress St, Brooklyn, NY 11201",K-G 288,306,S,"Brooklyn, NY",40.68818,-73.9952,,,,,,,,,,,,,,,,,
POINT (-74.0005 40.68228),Zipcar,Renewal,Carroll St,Henry St,"Brooklyn, NY Queens Expwy","135 Carroll St, Brooklyn, NY 11231",K-Z 414,306,E,"Brooklyn, NY",40.68228,-74.0005,,,,,,,,,,,,,,,,,
POINT (-73.9986 40.68903),Zipcar,Renewal,Congress St,Hicks St,Hnery St,"112 Congress St, Brooklyn, NY 11201",K-Z 417,306,W,"Brooklyn, NY",40.68903,-73.9986,,,,,,,,,,,,,,,,,
POINT (-73.9768 40.66481),Zipcar,Renewal,Prospect Park W,9 St,8 St,"139 Prospect Park West, Brooklyn, NY 11215",K-Z 435,306,S,"Brooklyn, NY",40.66481,-73.9768,,,,,,,,,,,,,,,,,
POINT (-73.9807 40.66373),Zipcar,Renewal,8th Ave,12 St,13 St,"1203 8th Ave, Brooklyn, NY 11215",K-Z 428,306,N,"Brooklyn, NY",40.66373,-73.9807,,,,,,,,,,,,,,,,,
POINT (-73.9733 40.67266),Zipcar,Renewal,8th Ave,President St,Carrol St,"101 8th Ave, Brooklyn, NY 11215",K-Z 432,306,N,"Brooklyn, NY",40.67266,-73.9733,,,,,,,,,,,,,,,,,
POINT (-74.0131 40.67691),Zipcar,Renewal,Dikeman St,Van Brunt St,Richard St,"110 Dikeman St, Brooklyn, NY 11231",K-Z 411,306,N,"Brooklyn, NY",40.67691,-74.0131,,,,,,,,,,,,,,,,,
POINT (-74.0002 40.68752),Zipcar,Renewal,Kane St,Columbia St,Hicks St,"115 Kane St, Brooklyn, NY 11231",K-Z 421,306,E,"Brooklyn, NY",40.68752,-74.0002,,,,,,,,,,,,,,,,,
POINT (-73.9832 40.66913),Zipcar,Renewal,6th Ave,7 St,8 St,"400 6th Ave, Brooklyn, NY 11215",K-Z 425,306,N,"Brooklyn, NY",40.66913,-73.9832,,,,,,,,,,,,,,,,,
POINT (-73.9814 40.67085),Zipcar,Renewal,6th Ave,4 St,5 St,"347 6th Ave, Brooklyn, NY 11215",K-Z 424,306,N,"Brooklyn, NY",40.67085,-73.9814,,,,,,,,,,,,,,,,,
POINT (-73.998 40.68242),Zipcar,Renewal,Clinton St,President St,Union St,"407 Clinton St, Brooklyn, NY 11231",K-Z 415,306,S,"Brooklyn, NY",40.68242,-73.998,,,,,,,,,,,,,,,,,
POINT (-73.9943 40.6861),Zipcar,Renewal,Baltic St,Court St,Clinton St,"254 Baltic St, Brooklyn, NY 11201",K-Z 412,306,E,"Brooklyn, NY",40.6861,-73.9943,,,,,,,,,,,,,,,,,
POINT (-73.9847 40.66692),Zipcar,Renewal,6th Ave,11 St,10 St,"475 6th Ave, Brooklyn, NY 11215",K-Z 423,306,S,"Brooklyn, NY",40.66692,-73.9847,,,,,,,,,,,,,,,,,
POINT (-73.9925 40.68417),Zipcar,Renewal,Butler St,Smith St,Court St,"62 Butler St, Brooklyn, NY 11231",K-Z 413,306,E,"Brooklyn, NY",40.68417,-73.9925,,,,,,,,,,,,,,,,,
POINT (-74.003 40.68424),Zipcar,Renewal,Columbia St,President St,Union St,"226 Columbia St, Brooklyn, NY 11231",K-Z 416,306,N,"Brooklyn, NY",40.68424,-74.003,,,,,,,,,,,,,,,,,
POINT (-73.9826 40.67321),Zipcar,Renewal,2nd St,5 Ave,6 Ave,"372 2nd St, Brooklyn, NY 11215",K-Z 422,306,W,"Brooklyn, NY",40.67321,-73.9826,,,,,,,,,,,,,,,,,
POINT (-74.0011 40.68094),Zipcar,Renewal,Henry St,Woodhull St,Summit St,"590 Henry St, Brooklyn, NY 11231",K-Z 420,306,S,"Brooklyn, NY",40.68094,-74.0011,,,,,,,,,,,,,,,,,
POINT (-73.9781 40.6754),Zipcar,Renewal,6th Ave,Union St,President St,"208 6th Ave, Brooklyn, NY 11215",K-Z 426,306,N,"Brooklyn, NY",40.6754,-73.9781,,,,,,,,,,,,,,,,,
POINT (-73.9752 40.67032),Zipcar,Renewal,8th Ave,1 St,2 St,"199 8th Ave, Brooklyn, NY 11215",K-Z 427,306,N,"Brooklyn, NY",40.67032,-73.9752,,,,,,,,,,,,,,,,,
POINT (-73.9766 40.66863),Zipcar,Renewal,8th Ave,4 St,5 St,"411 8th Ave, Brooklyn, NY 11215",K-Z 429,306,N,"Brooklyn, NY",40.66863,-73.9766,,,,,,,,,,,,,,,,,
POINT (-73.9997 40.67472),Zipcar,Renewal,Court St,Garnet St,W 9 St,"562 Court St, Brooklyn, NY 11231",K-Z 418,306,S,"Brooklyn, NY",40.67472,-73.9997,,,,,,,,,,,,,,,,,
POINT (-73.9807 40.67639),Zipcar,Renewal,Union St,4 Ave,5 Ave,"688 Union St, Brooklyn, NY 11215",K-Z 430,306,E,"Brooklyn, NY",40.67639,-73.9807,,,,,,,,,,,,,,,,,
POINT (-73.9794 40.66576),Zipcar,Renewal,8th Ave,9 St,10 St,"912 8th Ave, Brooklyn, NY 11215",K-Z 431,306,N,"Brooklyn, NY",40.66576,-73.9794,,,,,,,,,,,,,,,,,
POINT (-73.9768 40.67229),Zipcar,Renewal,Garfield Pl,7 St,Polhemus Pl,"215 Garfield Place, Brooklyn, NY 11215",K-Z 419,306,W,"Brooklyn, NY",40.67229,-73.9768,,,,,,,,,,,,,,,,,
POINT (-73.97876612 40.67057622),Getaround,New Site,3rd St,6th Ave,7th Ave,"504 3rd St, Brooklyn, NY 11215",K-G 605,306,S,"Brooklyn, NY",40.670576,-73.978766,,,,,,,,,,,,,,,,,
POINT (-73.928 40.67119),Zipcar,New Site,Rochester Ave,St Johns PI,Sterling Pl,"221 Rochester Ave, Brooklyn, NY 11213",K-Z 128,308,N,"Brooklyn, NY",40.67119,-73.928,,,,,,,,,,,,,,,,,
POINT (-73.9502 40.67161),Getaround,New Site,St Johns Pl,Nostrand Ave,"Brooklyn, NY Ave","844 St Johns Place, Brooklyn, NY 11216",K-G 304,308,S,"Brooklyn, NY",40.67161,-73.9502,,,,,,,,,,,,,,,,,
POINT (-73.9636 40.67558),Getaround,New Site,Park Pl,Underhill Ave,Washington Ave,"434 Park Place, Brooklyn, NY 11238",K-G 302,308,S,"Brooklyn, NY",40.67558,-73.9636,,,,,,,,,,,,,,,,,
POINT (-73.9628 40.67628),Zipcar,New Site,Prospect Pl,Classon Ave,Grand Ave,"416 Prospect Pl, Brooklyn, NY 11238",K-Z 124,308,W,"Brooklyn, NY",40.67628,-73.9628,,,,,,,,,,,,,,,,,
POINT (-73.9551 40.67829),Getaround,New Site,Pacific St,Bedford Ave,Franklin Ave,"591 Franklin Ave, Brooklyn, NY 11238",K-G 306,308,S,"Brooklyn, NY",40.67829,-73.9551,,,,,,,,,,,,,,,,,
POINT (-73.9284 40.67842),Zipcar,New Site,Herkimer,Hunterfly,Rochester,"750 Herkimer St, Brooklyn, NY 11233",K-Z 564,308,S,"Brooklyn, NY",40.67842,-73.9284,,,,,,,,,,,,,,,,,
POINT (-73.9598182165827 40.6565504937959),Getaround,New Site,Parkside Ave,Bedford Ave,Flatbush Ave,"19 Winthrop St, Brooklyn, NY 11225",K-G 307,309,N,"Brooklyn, NY",40.65655,-73.959818,,,,,,,,,,,,,,,,,
POINT (-73.9505 40.65786),Getaround,New Site,Hawthorne St,Rogers Ave,Nostrand Ave,"1206 Nostrand Ave, Brooklyn, NY 11225",K-G 312,309,N,"Brooklyn, NY",40.65786,-73.9505,,,,,,,,,,,,,,,,,
POINT (-73.9569 40.66214),Zipcar,New Site,Bedford Ave,Lefferts Ave,Sterling St,"1797 Bedford Ave, Brooklyn, NY 11225",K-Z 77,309,S,"Brooklyn, NY",40.66214,-73.9569,,,,,,,,,,,,,,,,,
POINT (-73.9605 40.6625),Zipcar,New Site,Washington Av,Sterling St,Lefferts Av,"24 Sterling St, Brooklyn, NY 11225",K-Z 79,309,W,"Brooklyn, NY",40.6625,-73.9605,,,,,,,,,,,,,,,,,
POINT (-73.9539 40.66282),Zipcar,New Site,Sterling St,Bedford Ave,Rogers Ave,"406 Rogers Ave, Brooklyn, NY 11225",K-Z 81,309,N,"Brooklyn, NY",40.66282,-73.9539,,,,,,,,,,,,,,,,,
POINT (-73.9569 40.66286),Zipcar,New Site,Sterling St,Rogers Ave,Bedford Ave,"117 Sterling St, Brooklyn, NY 11225",K-Z 78,309,W,"Brooklyn, NY",40.66286,-73.9569,,,,,,,,,,,,,,,,,
POINT (-73.9511 40.66316),Getaround,New Site,Sterling St,Rogers Ave,Nostrand Ave,"305 Sterling St, Brooklyn, NY 11225",K-G 311,309,N,"Brooklyn, NY",40.66316,-73.9511,,,,,,,,,,,,,,,,,
POINT (-73.9553 40.66458),Zipcar,New Site,Sullivan Pl,Ludlam Pl,Stoddard Pl,"173 Sullivan Pl, Brooklyn, NY 11225",K-Z 59,309,E,"Brooklyn, NY",40.66458,-73.9553,,,,,,,,,,,,,,,,,
POINT (-73.956 40.66551),Zipcar,New Site,Stoddard Pl,Montgomery St,Sullivan Pl,"2 Stoddard Place,  Brooklyn, NY 11225",K-Z 71,309,N,"Brooklyn, NY",40.66551,-73.956,,,,,,,,,,,,,,,,,
POINT (-73.9567 40.6656),Zipcar,New Site,Bedford Ave,Sullivan Pl,Montgomery St,"1671 Bedford Ave, Brooklyn, NY 11225",K-Z 56,309,N,"Brooklyn, NY",40.6656,-73.9567,,,,,,,,,,,,,,,,,
POINT (-73.9589 40.66587),Zipcar,New Site,Mc Keever Pl,Montgomery St,Sullivan Pl,"10 Mc Keever Pl, Brooklyn, NY 11225",K-Z 64,309,N,"Brooklyn, NY",40.66587,-73.9589,,,,,,,,,,,,,,,,,
POINT (-73.9594360875881 40.6662731924735),Zipcar,New Site,Montgomery St,Franklin av,Bedford Av,"156 Montgomery St, Brooklyn, NY 11225",K-Z 75,309,E,"Brooklyn, NY",40.666273,-73.959436,,,,,,,,,,,,,,,,,
POINT (-73.9538 40.66633),Zipcar,New Site,Crown st,Montgomery St,Crown St,"290 Rogers Ave, Brooklyn, NY 11225",K-Z 65,309,N,"Brooklyn, NY",40.66633,-73.9538,,,,,,,,,,,,,,,,,
POINT (-73.9596 40.66641),Zipcar,New Site,Franklin Ave,Sullivan St,Montgomery St,"945 Franklin Ave, Brooklyn, NY 11225",K-Z 74,309,S,"Brooklyn, NY",40.66641,-73.9596,,,,,,,,,,,,,,,,,
POINT (-73.9565 40.66748),Zipcar,New Site,Carroll St,Bedford Ave,Franklin Ave,"1040 Carroll St, Brooklyn   Brooklyn, NY 11225",K-Z 73,309,E,"Brooklyn, NY",40.66748,-73.9565,,,,,,,,,,,,,,,,,
POINT (-73.9616 40.66748),Zipcar,New Site,Washington Ave,Crown St,Mongomery St,"911 Washington Ave, Brooklyn, NY 11225",K-Z 87,309,N,"Brooklyn, NY",40.66748,-73.9616,,,,,,,,,,,,,,,,,
POINT (-73.9561 40.66763),Zipcar,New Site,Bedford Ave,Carrol St,President St,"1601 Bedford Ave, Brooklyn, NY 11225",K-Z 68,309,S,"Brooklyn, NY",40.66763,-73.9561,,,,,,,,,,,,,,,,,
POINT (-73.9585 40.66987),Getaround,New Site,Union St,Classon Ave,Franklin Ave,"1045 Union St, Brooklyn, NY 11225",K-G 308,309,N,"Brooklyn, NY",40.66987,-73.9585,,,,,,,,,,,,,,,,,
POINT (-73.9559316594296 40.6660510307185),Zipcar,New Site,Montgomery St,Rogers Ave,Bedford Ave,"236 Montgomery St, Brooklyn, NY 11225",K-Z 60,309,W,"Brooklyn, NY",40.666051,-73.955932,,,,,,,,,,,,,,,,,
POINT (-73.9986 40.59951),Zipcar,New Site,Bath,Robert Merrill,Bath,"2125 Bath Ave, Brooklyn, NY 11214",K-Z 561,311,N,"Brooklyn, NY",40.59951,-73.9986,,,,,,,,,,,,,,,,,
POINT (-73.9899 40.61247),Zipcar,New Site,20th,72nd,73rd,"7201 20th Ave, Brooklyn, NY 11204",K-Z 562,311,E,"Brooklyn, NY",40.61247,-73.9899,,,,,,,,,,,,,,,,,
POINT (-74.0058 40.60184),Zipcar,New Site,Cropsey,Bay 20th,19th,"1853 Cropsey Ave, Brooklyn, NY 11214",K-Z 560,311,N,"Brooklyn, NY",40.60184,-74.0058,,,,,,,,,,,,,,,,,
POINT (-73.9983 40.61098),Zipcar,New Site,18th,79th,80th,"7901 18th Ave, Brooklyn, NY 11214",K-Z 563,311,E,"Brooklyn, NY",40.61098,-73.9983,,,,,,,,,,,,,,,,,
POINT (-73.971802 40.598572),Zipcar,New Site,West,Sloan,Whitney,"2036 West St, Brooklyn, NY 11223",K-Z 559,313,W,"Brooklyn, NY",40.598572,-73.971802,,,,,,,,,,,,,,,,,
POINT (-73.986579 40.582909),Zipcar,New Site,Bay 53rd,Cropsey,W 22nd,"123 Bay 53rd St, Brooklyn, NY 11214",K-Z 558,313,S,"Brooklyn, NY",40.582909,-73.986579,,,,,,,,,,,,,,,,,
POINT (-73.9488 40.63606),Zipcar,New Site,E 29th St,Glenwood Rd,Farragut Rd,"603 E 29th St, Brooklyn, NY 11210",K-Z 400,314,N,"Brooklyn, NY",40.63606,-73.9488,,,,,,,,,,,,,,,,,
POINT (-73.9616 40.64717),Zipcar,New Site,Albemarle,E 19th,Ocean,"1901 Albemarle Rd, Brooklyn, NY 11226",K-Z 557,314,N,"Brooklyn, NY",40.64717,-73.9616,,,,,,,,,,,,,,,,,
POINT (-73.9604032919851 40.6355619434734),Getaround,New Site,E 18th St,Foster Av,Newkirk Av,"631 E 18th St, Brooklyn, NY 11226",K-G 318,314,E,"Brooklyn, NY",40.635562,-73.960403,,,,,,,,,,,,,,,,,
POINT (-73.9113 40.67466),Zipcar,New Site,Dean St,Rockaway Ave,Thomas S Boyland St,"2310 Dean St, Brooklyn, NY 11233",K-Z 144,316,E,"Brooklyn, NY",40.67466,-73.9113,,,,,,,,,,,,,,,,,
POINT (-73.919 40.6761),Zipcar,New Site,Pacific St,Howard Ave,Saratoga Ave,"2065 Pacific St, Brooklyn, NY 11233",K-Z 137,316,W,"Brooklyn, NY",40.6761,-73.919,,,,,,,,,,,,,,,,,
POINT (-73.912 40.67664),Zipcar,New Site,Gunther Pl,Atlantic Ave,Herkimer St,"34 Gunther Pl, Brooklyn, NY 11233",K-Z 133,316,S,"Brooklyn, NY",40.67664,-73.912,,,,,,,,,,,,,,,,,
POINT (-73.9129 40.67665),Zipcar,New Site,Marconi Pl,Atlantic Ave,Herkimer St,"34 Marconi Pl, Brooklyn, NY 11233",K-Z 140,316,S,"Brooklyn, NY",40.67665,-73.9129,,,,,,,,,,,,,,,,,
POINT (-73.9133 40.67779),Zipcar,New Site,Herkimer St,Rockaway Ave,Thomas S Boyland St,"1209 Herkimer St, Brooklyn, NY 11233",K-Z 143,316,W,"Brooklyn, NY",40.67779,-73.9133,,,,,,,,,,,,,,,,,
POINT (-73.9085 40.67904),Getaround,New Site,Somer St,Mother Gaston Blvd,Rockaway Ave,"84 Mother Gaston Blvd, Brooklyn, NY 11233",K-G 325,316,S,"Brooklyn, NY",40.67904,-73.9085,,,,,,,,,,,,,,,,,
POINT (-73.9393 40.63679),Zipcar,New Site,Farragut Rd,E 39 St,E 40 St,"3908 Farragut Rd,  Brooklyn, NY 11210",K-Z 152,317,W,"Brooklyn, NY",40.63679,-73.9393,,,,,,,,,,,,,,,,,
POINT (-73.9507 40.64328),Getaround,New Site,E 28th St,Cortelyou Rd,Clarendon Rd,"264 East 28th St, Brooklyn, NY 11226",K-G 328,317,W,"Brooklyn, NY",40.64328,-73.9507,,,,,,,,,,,,,,,,,
POINT (-73.938266 40.651322),Zipcar,New Site,Church,Albany,E 42nd,"4102 Church Ave, Brooklyn, NY 11203",K-Z 236,317,S,"Brooklyn, NY",40.651322,-73.938266,,,,,,,,,,,,,,,,,
POINT (-73.9423 40.65324),Zipcar,New Site,E 38th St,Linden,Lenox Rd,"459 Linden Blvd, Brooklyn, NY 11203",K-Z 234,317,E,"Brooklyn, NY",40.65324,-73.9423,,,,,,,,,,,,,,,,,
POINT (-73.9424 40.65573),Zipcar,New Site,E 38th St,Clarkson Ave,Lenox Rd,"76 East 38th St, Brooklyn, NY 11203",K-Z 253,317,N,"Brooklyn, NY",40.65573,-73.9424,,,,,,,,,,,,,,,,,
POINT (-73.94791345 40.63648664),Zipcar,New Site,Farragut Rd,Nostrand Ave,E 29th St,"2018 Nostrand Ave, Brooklyn, NY 11210",K-Z 158,317,N,"Brooklyn, NY",40.636487,-73.947913,,,,,,,,,,,,,,,,,
POINT (-73.949453 40.648187),Zipcar,New Site,Albemarle,E 29th St,Nostrand,"2913 Albemarle Rd, Brooklyn, NY 11226",K-Z 171,317,N,"Brooklyn, NY",40.648187,-73.949453,,,,,,,,,,,,,,,,,
POINT (-73.939926 40.649463),Zipcar,New Site,Snyder Ave,E 40ths,E 39th,"3999 Snyder Ave, Brooklyn, NY 11203",K-Z 188,317,S,"Brooklyn, NY",40.649463,-73.939926,,,,,,,,,,,,,,,,,
POINT (-73.9369 40.65609),Zipcar,New Site,Clarkson,Troy,E43rd,"706 Troy Ave, Brooklyn, NY 11203",K-Z 237,317,N,"Brooklyn, NY",40.65609,-73.9369,,,,,,,,,,,,,,,,,
POINT (-73.94876526 40.64505553),Zipcar,New Site,Beverley,Nostrand Ave,E 31st,"1675 Nostrand Ave, Brooklyn, NY 11226",K-Z 170,317,S,"Brooklyn, NY",40.645056,-73.948765,,,,,,,,,,,,,,,,,
POINT (-73.945689 40.63191),Zipcar,New Site,E 32nd St,Ave H,Glenwood,"782 E 32nd St, Brooklyn, NY 11210",K-Z 153,317,W,"Brooklyn, NY",40.63191,-73.945689,,,,,,,,,,,,,,,,,
POINT (-73.949343 40.640851),Zipcar,New Site,Ave D,E 29th St,Nostrand,"2910 Ave D, Brooklyn, NY 11226",K-Z 183,317,S,"Brooklyn, NY",40.640851,-73.949343,,,,,,,,,,,,,,,,,
POINT (-73.9331 40.62103),Zipcar,New Site,Ave M,E 43 St,Troy Ave,"4325 Ave M,Brooklyn, NY 11234",K-Z 394,318,E,"Brooklyn, NY",40.62103,-73.9331,,,,,,,,,,,,,,,,,
POINT (-73.9342 40.62246),Zipcar,New Site,Flatlands Ave,E 40th St,Harden St,"1372 E 40th St, Brooklyn, NY 11234",K-Z 366,318,S,"Brooklyn, NY",40.62246,-73.9342,,,,,,,,,,,,,,,,,
POINT (-73.934591 40.62286),Zipcar,New Site,Lott Pl,Harden St,E 40 St,"56 Lott Pl, Brooklyn, NY 11234",K-Z 538,318,E,"Brooklyn, NY",40.62286,-73.934591,,,,,,,,,,,,,,,,,
POINT (-73.9352 40.6238),Zipcar,New Site,E 40th St,Kings Hwy,Flatlands Ave,"1303 E 40th St, Brooklyn, NY 11234",K-Z 388,318,N,"Brooklyn, NY",40.6238,-73.9352,,,,,,,,,,,,,,,,,
POINT (-73.9345 40.62428),Zipcar,New Site,E 41st St,Ave L,Kings Hwy,"2021 E 41st St, Brooklyn, NY 11234",K-Z 385,318,N,"Brooklyn, NY",40.62428,-73.9345,,,,,,,,,,,,,,,,,
POINT (-73.937 40.62504),Zipcar,New Site,Hubbard Pl,E 40 St,E 39 St,"58 Hubbard Pl, Brooklyn, NY 11234",K-Z 363,318,E,"Brooklyn, NY",40.62504,-73.937,,,,,,,,,,,,,,,,,
POINT (-73.9323 40.62572),Zipcar,New Site,Ave K,E 45th St,E 46th St,"4501 Ave K, Brooklyn, NY 11234",K-Z 368,318,W,"Brooklyn, NY",40.62572,-73.9323,,,,,,,,,,,,,,,,,
POINT (-73.9343 40.62608),Zipcar,New Site,Ave K,E 43 St,Troy Ave,"4301 Ave K, Brooklyn, NY 11210",K-Z 382,318,W,"Brooklyn, NY",40.62608,-73.9343,,,,,,,,,,,,,,,,,
POINT (-73.9452 40.62927),Zipcar,New Site,Ave I,E 32 St,"Brooklyn, NY Ave","3202 Ave I, Brooklyn, NY 11210",K-Z 377,318,W,"Brooklyn, NY",40.62927,-73.9452,,,,,,,,,,,,,,,,,
POINT (-73.9415 40.62982),Zipcar,New Site,Brooklyn Ave,Ave I,Ave H,"1766 Brooklyn Ave, Brooklyn, NY 11210",K-Z 375,318,S,"Brooklyn, NY",40.62982,-73.9415,,,,,,,,,,,,,,,,,
POINT (-73.9417 40.6298),Zipcar,New Site,Ave I,E 35 St,"Brooklyn, NY Ave","3523 Ave I, Brooklyn, NY 11210",K-Z 372,318,E,"Brooklyn, NY",40.6298,-73.9417,,,,,,,,,,,,,,,,,
POINT (-73.9046 40.64604),Getaround,New Site,E 96th St,Glenwood Rd,Farragut Rd,"9602 Farragut Rd, Brooklyn, NY 11236",K-G 341,318,E,"Brooklyn, NY",40.64604,-73.9046,,,,,,,,,,,,,,,,,
POINT (-73.9273 40.75561),Getaround,New Site,34th St,35th Ave,36th Ave,"33-19 36th Ave, Queens, NY 11106",Q-G 354,401,W,"Queens, NY",40.75561,-73.9273,,,,,,,,,,,,,,,,,
POINT (-73.9203 40.76272),Getaround,New Site,35th St,Broadway,31st Ave,"35-04 31st Ave, Queens, NY 11106",Q-G 344,401,E,"Queens, NY",40.76272,-73.9203,,,,,,,,,,,,,,,,,
POINT (-73.934 40.76772),Zipcar,New Site,31 Dr,12 St,14 St,"12-06 31st Dr, Queens, Queens, 11102",Q-Z 100,401,W,"Queens, NY",40.76772,-73.934,,,,,,,,,,,,,,,,,
POINT (-73.932 40.76848),Zipcar,New Site,14th St,30 Dr,31 Ave,"30-98 14 St, Queens, NY 11102",Q-Z 94,401,S,"Queens, NY",40.76848,-73.932,,,,,,,,,,,,,,,,,
POINT (-73.9328 40.76988),Zipcar,New Site,30th Dr,Vernon Blvd,12th St,"30-70 12 St, Queens, NY 11102",Q-Z 98,401,S,"Queens, NY",40.76988,-73.9328,,,,,,,,,,,,,,,,,
POINT (-73.9304 40.76995),Zipcar,New Site,30th Rd,14th St,21st St,"14- 2 30th Rd, Queens, NY 11102",Q-Z 89,401,W,"Queens, NY",40.76995,-73.9304,,,,,,,,,,,,,,,,,
POINT (-73.9308 40.77002),Zipcar,New Site,14th St,30th Rd,30th Dr,"30-36 14th St, Queens, NY 11102",Q-Z 99,401,N,"Queens, NY",40.77002,-73.9308,,,,,,,,,,,,,,,,,
POINT (-73.9273 40.77053),Zipcar,New Site,21st St,28th Ave,29th Ave,"28-81 21st St, Queens, NY",Q-Z 102,401,E,"Queens, NY",40.77053,-73.9273,,,,,,,,,,,,,,,,,
POINT (-73.9309 40.77156),Zipcar,New Site,12th St,30th Ave,29th Ave,"29-23 12th St, Queens, NY 11102",Q-Z 97,401,S,"Queens, NY",40.77156,-73.9309,,,,,,,,,,,,,,,,,
POINT (-73.909 40.77175),Getaround,New Site,23rd Ave,37th St,38th St,"37-15 23rd Ave, Queens, NY 11105",Q-G 352,401,N,"Queens, NY",40.77175,-73.909,,,,,,,,,,,,,,,,,
POINT (-73.9492 40.7422),Zipcar,New Site,21st St,49th Av,50th Av,"49-1 21st St, Queens, NY 11101",Q-Z 337,402,E,"Queens, NY",40.7422,-73.9492,,,,,,,,,,,,,,,,,
POINT (-73.9503 40.74261),Zipcar,New Site,49th Ave,11th St,21st St,"11-58 49 Ave, Queens, NY 11101",Q-Z 336,402,w,"Queens, NY",40.74261,-73.9503,,,,,,,,,,,,,,,,,
POINT (-73.9006 40.74681),Getaround,New Site,63rd St,37th Ave,39th Ave,"37-75 63rd St, Queens, NY 11377",Q-G 370,402,E,"Queens, NY",40.74681,-73.9006,,,,,,,,,,,,,,,,,
POINT (-73.8987 40.74865),Zipcar,New Site,64th,37th,39th,"37-5 64th St, Queens, NY 11377",Q-Z 587,402,E,"Queens, NY",40.74865,-73.8987,,,,,,,,,,,,,,,,,
POINT (-73.8878 40.7591),Zipcar,New Site,31st,80th,81st,"80-01 31st Ave, East Elmhurst, NY 11370",Q-Z 556,403,N,"Queens, NY",40.7591,-73.8878,,,,,,,,,,,,,,,,,
POINT (-73.889 40.75122),Zipcar,Renewal,35th Ave,77 St,78 St,"77-12 35th Ave, Jackson Heights, NY 11372",Q-Z 55,403,E,"Queens, NY",40.75122,-73.889,,,,,,,,,,,,,,,,,
POINT (-73.856237 40.752266),Zipcar,New Site,111th,Roosevelt,39th,"39-02 111th St, Corona, NY 11368",Q-Z 555,403,W,"Queens, NY",40.752266,-73.856237,,,,,,,,,,,,,,,,,
POINT (-73.878 40.75068),Zipcar,Renewal,89th St,35 Ave,37 Ave,"35-64 89th St, Jackson Heights, NY 11372",Q-Z 54,403,S,"Queens, NY",40.75068,-73.878,,,,,,,,,,,,,,,,,
POINT (-73.868058 40.752273),Zipcar,New Site,37th,99th,100th,"99-2 37th Ave, Queens, NY 11101",Q-Z 554,404,S,"Queens, NY",40.752273,-73.868058,,,,,,,,,,,,,,,,,
POINT (-73.851175 40.742058),Zipcar,New Site,55th,111th,Corona,"55-02 111th St , Queens, NY 11368",Q-Z 553,404,S,"Queens, NY",40.742058,-73.851175,,,,,,,,,,,,,,,,,
POINT (-73.868293 40.747113),Zipcar,New Site,41st,Junction,97th,"40-75 Junction blvd, Queens, NY 11368",Q-Z 586,404,N,"Queens, NY",40.747113,-73.868293,,,,,,,,,,,,,,,,,
POINT (-73.856875 40.713708),Zipcar,New Site,Nansen St,Selfridge St,,"67-86 Selfridge St, Forest Hills, NY 11375",Q-Z 584,406,S,"Queens, NY",40.713708,-73.856875,,,,,,,,,,,,,,,,,
POINT (-73.866 40.7243),Zipcar,New Site,63rd,Bourton,Carlton,"88-04 63rd Dr, Rego Park, NY 11374",Q-Z 551,406,E,"Queens, NY",40.7243,-73.866,,,,,,,,,,,,,,,,,
POINT (-73.849 40.72764),Zipcar,New Site,Yellowstone,67th Rd,67th Dr,"67-35 Yellowstone Blvd, Forest Hills, NY 11375",Q-Z 552,406,E,"Queens, NY",40.72764,-73.849,,,,,,,,,,,,,,,,,
POINT (-73.8177 40.74948),Zipcar,New Site,Laburnum,Kissena,Union,"140-1 Laburnum Ave, Flushing, NY 11355",Q-Z 544,407,W,"Queens, NY",40.74948,-73.8177,,,,,,,,,,,,,,,,,
POINT (-73.826043 40.774579),Zipcar,New Site,26th,Union,Parsons,"142-15 26th Ave, Flushing, NY 11354",Q-Z 545,407,N,"Queens, NY",40.774579,-73.826043,,,,,,,,,,,,,,,,,
POINT (-73.8308 40.74817),Zipcar,New Site,133rd,Booth Memorial,Elder,"133-1 133rd St, Flushing, NY 11355",Q-Z 543,407,W,"Queens, NY",40.74817,-73.8308,,,,,,,,,,,,,,,,,
POINT (-73.8216 40.76043),Zipcar,New Site,Parsons,41st,Barclay,"41-08 Parsons Blvd, Flushing, NY 11355",Q-Z 542,407,W,"Queens, NY",40.76043,-73.8216,,,,,,,,,,,,,,,,,
POINT (-73.8119 40.706),Getaround,New Site,87th Rd,144th St,148th St,"87-29 144 St, Queens, NY 11435",Q-G 407,408,N,"Queens, NY",40.706,-73.8119,,,,,,,,,,,,,,,,,
POINT (-73.8173 40.72729),Zipcar,New Site,72nd Rd,150th,147th,"147-51 72nd Rd, Flushing, NY 11367",Q-Z 541,408,N,"Queens, NY",40.72729,-73.8173,,,,,,,,,,,,,,,,,
POINT (-73.8174 40.73386),Zipcar,New Site,152nd,Melbourne,Jewel,"67-1 152nd St, Flushing, NY 10367",Q-Z 540,408,E,"Queens, NY",40.73386,-73.8174,,,,,,,,,,,,,,,,,
POINT (-73.7887 40.7005),Zipcar,Renewal,106th Ave,Merrick Blvd,169 St,"168-10 106th Ave, Jamaica, NY 11433",Q-Z 30,412,W,"Queens, NY",40.7005,-73.7887,,,,,,,,,,,,,,,,,
POINT (-73.792 40.71083),Zipcar,Renewal,170th St,Hillside Ave,88 Ave,"87-67 170th St, Jamaica, NY 11432",Q-Z 31,412,N,"Queens, NY",40.71083,-73.792,,,,,,,,,,,,,,,,,
POINT (-73.7813 40.67701),Zipcar,New Site,Baisley,161st,160th,"160-30 Baisley Blvd, Jamaica, NY 11434",Q-Z 549,412,S,"Queens, NY",40.67701,-73.7813,,,,,,,,,,,,,,,,,
POINT (-73.7802 40.70951),Zipcar,Renewal,181st St,91 Ave,Jamaica Ave,"91-99 181st St, Jamaica, NY 11423",Q-Z 35,412,S,"Queens, NY",40.70951,-73.7802,,,,,,,,,,,,,,,,,
POINT (-73.784856 40.697424),Zipcar,New Site,108th,169th pl,Merrick blvd,"109-2 Merrick Blvd, Jamaica, NY 11433",Q-Z 550,412,S,"Queens, NY",40.697424,-73.784856,,,,,,,,,,,,,,,,,
POINT (-73.7824 40.71271),Zipcar,Renewal,180th St,Hillside Ave,90 Ave,"88-5 180th St, Jamaica, NY 11432",Q-Z 34,412,N,"Queens, NY",40.71271,-73.7824,,,,,,,,,,,,,,,,,
POINT (-73.7464 40.69601),Zipcar,New Site,Linden,205th,Francis Lewis,"205-32 Linden Blvd, Queens, NY",Q-Z 547,412,S,"Queens, NY",40.69601,-73.7464,,,,,,,,,,,,,,,,,
POINT (-73.7674 40.6572),Zipcar,New Site,Guy R Brewer,149th Rd,150th Ave,"149-39 Guy R Brewer Blvd, Queens, NY",Q-Z 548,413,E,"Queens, NY",40.6572,-73.7674,,,,,,,,,,,,,,,,,
POINT (-73.7487 40.60302),Zipcar,Renewal,Nameoke St,Cornaga Ave,Dinsmore Ave,"10-13 Nameoke St, Far Rockaway, NY 11691",Q-Z 335,414,S,"Queens, NY",40.60302,-73.7487,,,,,,,,,,,,,,,,,
POINT (-73.775774 40.595813),Zipcar,New Site,Beach 44th,Hantz,Beach Channel,"401 Beach 44th St, Far Rockaway, NY 11691",Q-Z 583,414,W,"Queens, NY",40.595813,-73.775774,,,,,,,,,,,,,,,,,
POINT (-74.084349 40.648293),Zipcar,New Site,Richmond Terr,St Peters,Nicholas,"300 Richmond Ter, Staten Island, NY 10301",S-Z 594,501,N,"Staten Island, NY",40.648293,-74.084349,,,,,,,,,,,,,,,,,
POINT (-74.080538 40.647385),Zipcar,New Site,Richmond Terr,Nicholas,Stuyvesant,"155 Richmond Ter, Staten Island, NY 10301",S-Z 593,501,N,"Staten Island, NY",40.647385,-74.080538,,,,,,,,,,,,,,,,,
POINT (-74.08641 40.646605),Zipcar,New Site,St Marks,Westervelt,Nicholas,"1 St Marks Pl, Staten Island, NY 10301",S-Z 591,501,N,"Staten Island, NY",40.646605,-74.08641,,,,,,,,,,,,,,,,,
POINT (-73.931893 40.623427),Zipcar,New Site,Flatlands,E 45th St,E 46 St,"4511 Avenue L, Brooklyn, NY 11234",K-Z 383,318,S,"Brooklyn, NY",40.623427,-73.931893,,,,,,,,,,,,,,,,,
POINT (-73.943655 40.632027),Zipcar,New Site,E 34th,Ave H,Glenwood,"3401 Avenue H, Brooklyn, NY 11210",k-Z 370,318,E,"Brooklyn, NY",40.632027,-73.943655,,,,,,,,,,,,,,,,,
POINT (-73.938723 40.629734),Zipcar,New Site,E 39th,Ave I,Ave J,"1110 E 39th St, Brooklyn, NY 11210",K-Z 373,318,W,"Brooklyn, NY",40.629734,-73.938723,,,,,,,,,,,,,,,,,
POINT (-73.9235 40.6562),Zipcar,New Site,Lenox Rd,Remsen St,E 91st St,"387 Remsen Ave, Brooklyn, NY 11212",K-Z 339,317,N,"Brooklyn, NY",40.6562,-73.9235,,,,,,,,,,,,,,,,,
POINT (-73.791925 40.70929),Getaround,New Site,89th Ave,170th St,169th St,"169-2 89th St, Queens, NY 11432",Q-G 404,412,S,"Queens, NY",40.70929,-73.791925,,,,,,,,,,,,,,,,,
POINT (-179769313486231570000000000000000000000000000000000000000000000000000000000000000000000000000000000000000000000000000000000000000000000000000000000000000000000000000000000000000000000000000000000000000000000000000000000000000000000000000000000000000000000000000000000000000000000000000000000000000000000000000 -179769313486231570000000000000000000000000000000000000000000000000000000000000000000000000000000000000000000000000000000000000000000000000000000000000000000000000000000000000000000000000000000000000000000000000000000000000000000000000000000000000000000000000000000000000000000000000000000000000000000000000000),,,,,,,,0,,,0,0,,,,,,,,,,,,,,,,,
POINT (-179769313486231570000000000000000000000000000000000000000000000000000000000000000000000000000000000000000000000000000000000000000000000000000000000000000000000000000000000000000000000000000000000000000000000000000000000000000000000000000000000000000000000000000000000000000000000000000000000000000000000000000 -179769313486231570000000000000000000000000000000000000000000000000000000000000000000000000000000000000000000000000000000000000000000000000000000000000000000000000000000000000000000000000000000000000000000000000000000000000000000000000000000000000000000000000000000000000000000000000000000000000000000000000000),,,,,,,,0,,,0,0,,,,,,,,,,,,,,,,,
POINT (-179769313486231570000000000000000000000000000000000000000000000000000000000000000000000000000000000000000000000000000000000000000000000000000000000000000000000000000000000000000000000000000000000000000000000000000000000000000000000000000000000000000000000000000000000000000000000000000000000000000000000000000 -179769313486231570000000000000000000000000000000000000000000000000000000000000000000000000000000000000000000000000000000000000000000000000000000000000000000000000000000000000000000000000000000000000000000000000000000000000000000000000000000000000000000000000000000000000000000000000000000000000000000000000000),,,,,,,,0,,,0,0,,,,,,,,,,,,,,,,,
POINT (-179769313486231570000000000000000000000000000000000000000000000000000000000000000000000000000000000000000000000000000000000000000000000000000000000000000000000000000000000000000000000000000000000000000000000000000000000000000000000000000000000000000000000000000000000000000000000000000000000000000000000000000 -179769313486231570000000000000000000000000000000000000000000000000000000000000000000000000000000000000000000000000000000000000000000000000000000000000000000000000000000000000000000000000000000000000000000000000000000000000000000000000000000000000000000000000000000000000000000000000000000000000000000000000000),,,,,,,,0,,,0,0,,,,,,,,,,,,,,,,,
POINT (-179769313486231570000000000000000000000000000000000000000000000000000000000000000000000000000000000000000000000000000000000000000000000000000000000000000000000000000000000000000000000000000000000000000000000000000000000000000000000000000000000000000000000000000000000000000000000000000000000000000000000000000 -179769313486231570000000000000000000000000000000000000000000000000000000000000000000000000000000000000000000000000000000000000000000000000000000000000000000000000000000000000000000000000000000000000000000000000000000000000000000000000000000000000000000000000000000000000000000000000000000000000000000000000000),,,,,,,,0,,,0,0,,,,,,,,,,,,,,,,,
POINT (-179769313486231570000000000000000000000000000000000000000000000000000000000000000000000000000000000000000000000000000000000000000000000000000000000000000000000000000000000000000000000000000000000000000000000000000000000000000000000000000000000000000000000000000000000000000000000000000000000000000000000000000 -179769313486231570000000000000000000000000000000000000000000000000000000000000000000000000000000000000000000000000000000000000000000000000000000000000000000000000000000000000000000000000000000000000000000000000000000000000000000000000000000000000000000000000000000000000000000000000000000000000000000000000000),,,,,,,,0,,,0,0,,,,,,,,,,,,,,,,,
POINT (-179769313486231570000000000000000000000000000000000000000000000000000000000000000000000000000000000000000000000000000000000000000000000000000000000000000000000000000000000000000000000000000000000000000000000000000000000000000000000000000000000000000000000000000000000000000000000000000000000000000000000000000 -179769313486231570000000000000000000000000000000000000000000000000000000000000000000000000000000000000000000000000000000000000000000000000000000000000000000000000000000000000000000000000000000000000000000000000000000000000000000000000000000000000000000000000000000000000000000000000000000000000000000000000000),,,,,,,,0,,,0,0,,,,,,,,,,,,,,,,,
POINT (-179769313486231570000000000000000000000000000000000000000000000000000000000000000000000000000000000000000000000000000000000000000000000000000000000000000000000000000000000000000000000000000000000000000000000000000000000000000000000000000000000000000000000000000000000000000000000000000000000000000000000000000 -179769313486231570000000000000000000000000000000000000000000000000000000000000000000000000000000000000000000000000000000000000000000000000000000000000000000000000000000000000000000000000000000000000000000000000000000000000000000000000000000000000000000000000000000000000000000000000000000000000000000000000000),,,,,,,,0,,,0,0,,,,,,,,,,,,,,,,,
POINT (-179769313486231570000000000000000000000000000000000000000000000000000000000000000000000000000000000000000000000000000000000000000000000000000000000000000000000000000000000000000000000000000000000000000000000000000000000000000000000000000000000000000000000000000000000000000000000000000000000000000000000000000 -179769313486231570000000000000000000000000000000000000000000000000000000000000000000000000000000000000000000000000000000000000000000000000000000000000000000000000000000000000000000000000000000000000000000000000000000000000000000000000000000000000000000000000000000000000000000000000000000000000000000000000000),,,,,,,,0,,,0,0,,,,,,,,,,,,,,,,,
